Word,Auditory.mean,Gustatory.mean,Haptic.mean,Interoceptive.mean,Olfactory.mean,Visual.mean,Auditory.SD,Gustatory.SD,Haptic.SD,Interoceptive.SD,Olfactory.SD,Visual.SD,Max_strength.perceptual,Exclusivity.perceptual,Dominant.perceptual,Minkowski3.perceptual,N_known.perceptual,Percent_known.perceptual
EVERYTHING,3.743,3.257,3.486,3.371,3.514,4.057,1.651,1.975,2.005,2.045,1.869,1.589,4.057,0.037,Visual,6.525,35,1.0
PIANO STOOL,0.432,0.027,3.486,0.189,0.135,4.162,0.959,0.164,1.85,0.569,0.419,1.444,4.162,0.49,Visual,4.857,37,1.0
FRIDGE,2.108,0.135,3.486,0.162,1.0,4.297,1.68,0.585,1.909,0.688,1.354,1.392,4.297,0.372,Visual,5.093,37,1.0
TABLECLOTH,0.606,0.121,3.485,0.182,0.364,4.212,1.413,0.415,1.661,0.727,1.025,1.193,4.212,0.456,Visual,4.896,33,1.0
KITCHEN STOVE,1.273,0.333,3.485,0.091,1.818,4.273,1.663,0.854,1.906,0.522,1.862,1.442,4.273,0.371,Visual,5.045,33,1.0
LAUNDRY BASKET,0.286,0.0,3.476,0.143,0.667,4.571,0.717,0.0,1.504,0.478,1.354,0.676,4.571,0.5,Visual,5.166,21,1.0
SHARPNESS,1.0,0.714,3.476,0.667,0.286,3.095,1.549,1.231,2.064,1.354,0.717,1.868,3.476,0.345,Haptic,4.186,21,1.0
IPHONE,2.952,0.0,3.476,0.238,0.048,4.381,1.774,0.0,1.94,0.436,0.218,0.865,4.381,0.395,Visual,5.335,21,1.0
CANDLEHOLDER,0.475,0.0,3.475,0.4,0.975,3.925,1.012,0.0,1.585,1.194,1.609,1.591,3.925,0.424,Visual,4.696,40,0.976
MUSHY,1.579,2.158,3.474,0.421,0.474,3.0,1.865,1.951,2.038,1.17,1.219,1.972,3.474,0.275,Haptic,4.363,19,1.0
WARMISH,0.368,0.737,3.474,3.105,0.211,1.0,1.012,1.195,1.775,1.941,0.631,1.247,3.474,0.367,Haptic,4.185,19,1.0
WATER SKI,1.632,0.0,3.474,1.211,0.211,3.895,1.739,0.0,1.389,1.273,0.419,1.286,3.895,0.374,Visual,4.749,19,1.0
WATERMELON,0.474,4.684,3.474,1.0,3.684,4.263,0.905,0.749,2.118,1.795,1.635,1.147,4.684,0.24,Gustatory,6.489,19,1.0
DINNERWARE,0.737,0.211,3.474,0.105,0.105,3.684,1.558,0.631,1.679,0.459,0.459,1.635,3.684,0.43,Visual,4.52,19,1.0
DRUMSTICK,2.316,1.526,3.474,0.895,1.316,3.684,2.237,2.118,1.712,1.595,1.857,1.635,3.684,0.211,Visual,4.804,19,1.0
WASHTUB,1.105,0.0,3.474,0.105,0.474,4.263,1.41,0.0,1.775,0.459,0.841,1.558,4.263,0.453,Visual,4.944,19,0.95
SOAPSUDS,0.737,0.158,3.474,0.316,1.474,4.158,1.447,0.375,1.712,0.82,1.577,1.425,4.158,0.388,Visual,4.897,19,0.95
TICKLER,1.789,0.421,3.474,2.526,0.421,2.158,2.016,1.216,2.065,2.22,1.216,2.167,3.474,0.283,Haptic,4.198,19,0.905
SANDWICH,0.526,4.421,3.474,1.368,3.263,3.895,0.905,1.121,1.467,1.978,1.593,1.41,4.421,0.23,Gustatory,6.081,19,0.95
HAIRBRUSH,0.316,0.0,3.474,0.368,0.158,3.947,0.749,0.0,1.307,1.116,0.501,1.393,3.947,0.478,Visual,4.695,19,0.95
SLEEPWEAR,0.053,0.0,3.474,0.263,0.158,3.316,0.229,0.0,1.896,0.562,0.501,1.797,3.474,0.478,Haptic,4.28,19,1.0
EYE DROPS,0.632,0.526,3.474,2.684,0.842,4.421,1.116,1.429,1.679,2.083,1.068,1.261,4.421,0.31,Visual,5.297,19,0.95
FIRMER,0.158,0.158,3.474,0.263,0.0,1.579,0.501,0.501,2.118,0.562,0.0,1.805,3.474,0.617,Haptic,3.58,19,1.0
TOMATO,0.316,4.737,3.474,0.737,2.842,4.474,0.82,0.653,1.775,1.628,1.803,0.772,4.737,0.267,Gustatory,6.392,19,1.0
DISHRAG,0.526,0.421,3.474,0.579,0.842,4.0,1.307,1.305,1.429,1.427,1.302,1.563,4.0,0.364,Visual,4.746,19,1.0
BRISTLE BRUSH,0.842,0.0,3.474,0.421,0.105,3.895,1.119,0.0,1.926,1.17,0.315,1.286,3.895,0.446,Visual,4.667,19,1.0
GAUZE,0.579,0.0,3.474,0.211,0.316,3.474,1.387,0.0,1.577,0.713,0.582,1.679,3.474,0.431,Visual,4.381,19,1.0
FLASK,1.053,1.579,3.474,0.316,1.105,4.105,1.682,2.143,1.611,1.003,1.761,1.286,4.105,0.326,Visual,4.899,19,1.0
TOE,0.158,0.158,3.474,1.158,0.789,4.368,0.501,0.501,1.867,1.608,1.437,1.165,4.368,0.417,Visual,5.031,19,1.0
SCRAPE,2.895,0.0,3.474,1.211,0.0,3.316,1.969,0.0,1.541,1.475,0.0,1.668,3.474,0.319,Haptic,4.709,19,1.0
CRUNCHABLE,4.0,2.158,3.474,0.947,0.053,3.316,1.599,2.115,1.896,1.471,0.229,2.029,4.0,0.283,Auditory,5.352,19,1.0
SHAVE,1.579,0.421,3.474,1.316,0.842,3.0,1.805,1.017,1.645,1.6,1.302,1.795,3.474,0.287,Haptic,4.232,19,0.95
SCOTCH TAPE,1.412,0.176,3.471,0.235,0.529,3.882,1.698,0.728,1.736,0.752,1.281,1.364,3.882,0.382,Visual,4.692,17,1.0
KITCHEN SINK,2.235,0.059,3.471,0.235,0.647,4.176,1.751,0.243,1.736,0.752,1.272,1.237,4.176,0.38,Visual,5.015,17,1.0
BONEY,0.176,0.235,3.471,0.588,0.176,3.529,0.529,0.562,1.625,0.939,0.529,2.004,3.529,0.41,Visual,4.414,17,0.895
UNWRAP,1.824,0.353,3.471,0.706,0.235,3.706,1.741,1.057,1.875,1.448,0.752,1.829,3.706,0.337,Visual,4.629,17,1.0
CHAPPED,0.059,0.118,3.471,1.647,0.0,2.824,0.243,0.332,1.463,1.801,0.0,1.704,3.471,0.428,Haptic,4.097,17,1.0
EGGSHELL,0.882,0.176,3.471,0.0,0.235,4.118,1.219,0.529,1.546,0.0,0.562,0.993,4.118,0.464,Visual,4.825,17,0.944
DUVET,0.529,0.059,3.471,0.176,0.235,4.118,1.281,0.243,2.095,0.529,0.562,1.616,4.118,0.473,Visual,4.817,17,0.895
FEELER,0.765,0.0,3.471,1.353,0.0,2.059,1.251,0.0,1.772,1.967,0.0,1.819,3.471,0.454,Haptic,3.767,17,0.944
ROUGH,0.529,0.294,3.471,0.824,0.118,2.412,0.874,0.985,1.875,1.334,0.332,2.002,3.471,0.438,Haptic,3.839,17,1.0
TANGLE,0.529,0.059,3.471,0.294,0.059,3.824,1.068,0.243,1.7,1.213,0.243,1.425,3.824,0.457,Visual,4.608,17,1.0
SHAPE,0.235,0.118,3.471,0.471,0.0,4.706,0.562,0.485,1.94,1.068,0.0,0.686,4.706,0.523,Visual,5.267,17,1.0
SILKINESS,0.765,0.471,3.471,0.412,0.0,2.118,1.3,1.375,1.663,0.939,0.0,1.764,3.471,0.48,Haptic,3.731,17,1.0
NEWSPAPER,0.529,0.0,3.471,0.235,0.529,4.294,1.068,0.0,1.625,0.664,1.007,1.359,4.294,0.474,Visual,4.95,17,1.0
LIFT,1.133,0.4,3.467,1.733,0.333,3.8,1.598,0.828,1.685,1.944,0.724,1.568,3.8,0.319,Visual,4.692,15,1.0
GRANULAR,0.333,1.2,3.467,0.533,0.4,3.133,0.9,1.373,1.922,1.246,1.056,1.767,3.467,0.346,Haptic,4.206,15,0.938
BAREBACKED,1.067,0.333,3.467,2.4,0.533,4.4,1.71,0.816,1.885,2.293,1.125,0.828,4.4,0.333,Visual,5.218,15,0.789
FOOT PEDAL,1.0,0.0,3.467,0.2,0.0,3.867,1.604,0.0,1.767,0.775,0.0,1.506,3.867,0.453,Visual,4.649,15,0.938
PLYWOOD,0.6,0.0,3.467,0.067,1.267,3.933,1.404,0.0,2.031,0.258,1.831,1.792,3.933,0.421,Visual,4.714,15,0.938
CREATURE,3.733,0.8,3.467,0.933,2.133,4.933,1.58,1.612,1.727,1.792,1.846,0.258,4.933,0.258,Visual,6.08,15,1.0
FREEZE,0.5,0.643,3.464,3.0,0.464,3.179,1.139,1.254,1.598,2.018,1.105,1.786,3.464,0.267,Haptic,4.66,28,1.0
GROPINGLY,0.231,0.0,3.462,0.769,0.0,2.692,0.439,0.0,1.761,1.363,0.0,1.601,3.462,0.484,Haptic,3.946,13,0.722
WOODENNESS,1.077,0.462,3.462,0.385,1.154,4.0,1.441,1.127,1.761,0.87,1.519,1.291,4.0,0.343,Visual,4.768,13,0.722
CHESS PIECE,0.429,0.0,3.457,0.143,0.029,3.743,1.037,0.0,1.868,0.55,0.169,1.771,3.743,0.48,Visual,4.544,35,1.0
LUXURIANT,1.909,1.818,3.455,2.727,1.909,3.818,1.446,1.722,1.128,1.555,1.814,1.722,3.818,0.128,Visual,5.156,11,0.611
CREDIT CARD,0.05,0.0,3.45,0.1,0.1,3.8,0.224,0.0,1.605,0.447,0.308,1.542,3.8,0.507,Visual,4.578,20,1.0
TOY,2.7,0.05,3.45,0.35,0.25,4.35,1.809,0.224,1.432,0.875,0.639,0.933,4.35,0.386,Visual,5.231,20,1.0
THORN,0.15,0.0,3.45,0.65,0.0,3.85,0.489,0.0,1.538,1.309,0.0,1.268,3.85,0.475,Visual,4.617,20,1.0
CUT,0.95,0.05,3.45,2.15,0.1,3.25,1.276,0.224,1.82,2.134,0.308,1.773,3.45,0.342,Haptic,4.417,20,1.0
FUCK,2.7,1.15,3.45,3.55,1.35,3.65,1.78,1.899,2.328,1.731,1.872,1.872,3.65,0.158,Visual,5.407,20,1.0
WETTING,1.0,0.25,3.45,0.7,0.55,3.85,1.298,0.786,1.761,1.593,1.05,1.663,3.85,0.367,Visual,4.636,20,1.0
FOAMY,0.8,1.35,3.45,0.8,0.55,4.15,1.196,1.725,1.877,1.322,1.146,1.182,4.15,0.324,Visual,4.88,20,1.0
SOCCER BALL,1.45,0.05,3.45,0.35,0.3,3.85,1.82,0.224,1.932,0.745,0.733,1.496,3.85,0.402,Visual,4.661,20,1.0
SHOVEL,1.0,0.0,3.444,0.167,0.333,4.0,1.455,0.0,1.977,0.707,0.97,1.283,4.0,0.447,Visual,4.731,18,0.947
SEAT BELT,0.944,0.0,3.444,0.333,0.056,3.778,1.798,0.0,1.688,1.188,0.236,1.592,3.778,0.442,Visual,4.573,18,1.0
COATHANGER,0.278,0.0,3.444,0.0,0.0,4.444,0.752,0.0,1.723,0.0,0.0,0.856,4.444,0.544,Visual,5.049,18,1.0
SHOE,0.778,0.0,3.444,0.278,1.056,4.389,1.309,0.0,1.247,0.669,1.514,0.778,4.389,0.441,Visual,5.028,18,1.0
FISHING POLE,0.722,0.389,3.444,0.389,0.5,4.111,1.32,1.145,1.688,1.037,1.15,1.41,4.111,0.39,Visual,4.805,18,1.0
WORK CLOTHES,0.278,0.056,3.444,0.278,0.722,3.889,0.461,0.236,1.79,0.575,1.179,1.41,3.889,0.442,Visual,4.643,18,1.0
THIMBLE,0.333,0.0,3.444,0.0,0.0,4.0,0.594,0.0,1.723,0.0,0.0,1.715,4.0,0.514,Visual,4.716,18,0.9
CLARINET,4.5,0.167,3.444,0.611,0.0,3.667,1.2,0.383,1.338,1.195,0.0,1.455,4.5,0.363,Auditory,5.662,18,1.0
FEVER,0.722,0.111,3.444,4.667,0.167,1.611,1.32,0.323,1.653,0.97,0.383,1.685,4.667,0.425,Interoceptive,5.278,18,1.0
NIGHTSHIRT,0.333,0.167,3.444,0.944,0.556,3.556,0.686,0.514,1.947,1.862,1.149,1.542,3.556,0.377,Visual,4.429,18,1.0
VIBRATOR,2.611,0.333,3.444,3.333,0.222,3.278,1.685,0.84,1.688,1.68,0.548,1.742,3.444,0.244,Haptic,5.078,18,1.0
PLUSH,0.111,0.0,3.444,0.222,0.0,3.167,0.471,0.0,1.688,0.548,0.0,1.823,3.444,0.496,Haptic,4.172,18,0.947
COTTON CLOTH,0.222,0.0,3.444,0.167,0.278,3.722,0.548,0.0,1.886,0.514,0.752,1.179,3.722,0.475,Visual,4.522,18,1.0
FRAYED,0.889,0.056,3.444,0.389,0.0,4.611,1.605,0.236,1.423,0.85,0.0,0.608,4.611,0.491,Visual,5.188,18,1.0
CUFF,0.167,0.0,3.444,0.111,0.0,4.0,0.514,0.0,1.504,0.471,0.0,1.372,4.0,0.518,Visual,4.716,18,1.0
FOAMINESS,1.278,1.167,3.444,0.222,0.333,3.889,1.934,1.654,1.688,0.647,0.767,1.676,3.889,0.355,Visual,4.694,18,1.0
SILVERWARE,1.111,0.722,3.444,0.333,0.167,4.0,1.641,1.127,1.822,0.686,0.514,1.534,4.0,0.392,Visual,4.742,18,1.0
SUPPLENESS,0.833,0.556,3.444,1.222,0.333,3.556,1.543,1.338,2.064,1.865,1.188,1.294,3.556,0.324,Visual,4.455,18,0.9
SCABBINESS,0.0,0.0,3.438,0.812,0.062,4.188,0.0,0.0,1.59,1.721,0.25,1.642,4.188,0.493,Visual,4.857,16,0.941
KICKBALL,2.625,0.125,3.438,0.812,0.125,4.25,1.784,0.5,1.632,1.471,0.5,1.125,4.25,0.363,Visual,5.143,16,1.0
SAFETY BELT,0.625,0.188,3.438,0.375,0.188,4.125,1.025,0.75,1.504,1.025,0.75,1.36,4.125,0.441,Visual,4.808,16,1.0
LETTUCE,0.625,4.625,3.438,0.875,2.125,4.062,1.258,1.025,1.711,1.628,2.062,1.289,4.625,0.254,Gustatory,6.01,16,1.0
CUTTING BOARD,0.688,0.062,3.438,0.062,0.125,3.562,1.014,0.25,1.825,0.25,0.5,1.548,3.562,0.441,Visual,4.417,16,1.0
SANITIZER,0.062,0.125,3.438,0.438,2.75,3.375,0.25,0.342,1.504,1.094,1.915,1.31,3.438,0.331,Haptic,4.641,16,1.0
SENSUAL,2.438,1.062,3.438,3.375,1.5,3.25,1.788,1.34,1.999,1.893,1.549,1.732,3.438,0.158,Haptic,5.097,16,1.0
SCRATCHING,2.25,0.188,3.438,0.938,0.062,3.0,1.949,0.75,1.632,1.769,0.25,1.862,3.438,0.342,Haptic,4.306,16,1.0
HAIRCUTTING,1.938,0.0,3.438,0.25,0.25,4.0,1.652,0.0,1.711,0.775,0.775,1.414,4.0,0.405,Visual,4.819,16,1.0
FRIGIDITY,1.0,0.188,3.438,3.188,0.25,2.125,1.506,0.75,1.75,2.228,0.775,1.962,3.438,0.319,Haptic,4.373,16,0.889
PETAL,0.25,0.312,3.438,0.312,2.688,4.5,0.775,0.793,1.59,0.793,1.702,1.095,4.5,0.37,Visual,5.328,16,0.941
POCKET WATCH,2.125,0.0,3.438,0.062,0.062,4.688,2.125,0.0,2.19,0.25,0.25,1.014,4.688,0.452,Visual,5.351,16,1.0
APRICOT,0.188,4.125,3.438,0.375,2.688,4.0,0.544,1.784,1.75,1.088,2.182,1.633,4.125,0.266,Gustatory,5.792,16,1.0
STAB,1.562,0.0,3.438,2.562,0.062,3.0,1.672,0.0,1.711,1.931,0.25,1.932,3.438,0.324,Haptic,4.452,16,1.0
GIRDLE,0.0,0.0,3.438,1.312,0.0,3.938,0.0,0.0,1.59,2.056,0.0,1.526,3.938,0.453,Visual,4.702,16,0.889
WEAPON,3.125,0.0,3.438,0.25,0.5,3.938,1.258,0.0,1.75,0.577,0.894,1.34,3.938,0.35,Visual,5.096,16,1.0
REINS,0.688,0.0,3.438,0.188,0.375,3.938,0.873,0.0,1.75,0.75,1.025,1.389,3.938,0.457,Visual,4.673,16,0.941
VOLT,1.25,0.312,3.438,3.125,0.75,2.125,1.483,0.793,1.711,1.784,1.291,1.996,3.438,0.284,Haptic,4.364,16,1.0
FISHINGHOOK,0.125,0.062,3.438,0.062,0.188,3.75,0.342,0.25,1.632,0.25,0.75,1.528,3.75,0.484,Visual,4.537,16,1.0
GRAININESS,1.188,1.438,3.438,0.812,0.375,3.875,1.642,1.459,1.632,1.109,0.806,1.025,3.875,0.315,Visual,4.703,16,0.941
SUNBURN,0.188,0.375,3.438,2.75,0.5,4.062,0.544,1.258,1.825,2.295,1.317,1.731,4.062,0.343,Visual,5.048,16,1.0
TACKLE,1.609,0.0,3.435,1.478,0.0,3.696,1.559,0.0,2.212,1.755,0.0,1.69,3.696,0.362,Visual,4.617,23,1.0
SPINY,0.429,0.0,3.429,0.714,0.0,3.357,0.756,0.0,2.138,1.49,0.0,1.598,3.429,0.432,Haptic,4.283,14,0.875
RAKE,1.714,0.048,3.429,0.143,0.143,4.19,1.454,0.218,1.777,0.478,0.478,1.401,4.19,0.429,Visual,4.918,21,1.0
PINCHED,0.095,0.0,3.429,2.238,0.0,1.81,0.301,0.0,1.989,2.143,0.0,1.721,3.429,0.453,Haptic,3.858,21,1.0
WATER BOTTLE,0.81,1.571,3.429,0.143,0.143,3.476,1.123,1.886,1.859,0.359,0.655,1.861,3.476,0.348,Visual,4.426,21,1.0
NOTCHING,0.857,0.0,3.429,0.0,0.0,3.429,0.864,0.0,1.828,0.0,0.0,1.505,3.429,0.444,Visual,4.331,14,0.7
COOLER,0.731,0.654,3.423,3.0,0.538,1.731,1.373,1.263,1.554,2.04,0.905,1.971,3.423,0.286,Haptic,4.182,26,1.0
DURABLE,0.789,0.211,3.421,0.316,0.211,3.526,1.357,0.631,1.465,0.946,0.631,1.504,3.526,0.391,Visual,4.387,19,1.0
TRAY,0.737,0.0,3.421,0.158,0.053,3.684,1.24,0.0,1.835,0.688,0.229,1.701,3.684,0.458,Visual,4.489,19,1.0
BEE STING,0.158,0.0,3.421,3.263,0.053,2.579,0.501,0.0,1.981,2.13,0.229,2.168,3.421,0.361,Haptic,4.513,19,1.0
HIGH FIVE,1.263,0.053,3.421,0.316,0.053,3.474,1.522,0.229,2.194,0.82,0.229,1.837,3.474,0.399,Visual,4.38,19,1.0
SUNTAN LOTION,0.316,0.368,3.421,0.316,3.211,3.737,1.157,1.165,1.677,0.82,1.548,1.485,3.737,0.301,Visual,5.006,19,1.0
PHYSICALLY,1.632,1.158,3.421,2.474,1.053,3.316,1.802,1.864,2.063,2.038,1.84,1.974,3.421,0.181,Haptic,4.621,19,0.95
DIALING,3.053,0.105,3.421,0.474,0.158,3.632,1.81,0.315,1.465,1.307,0.501,1.535,3.632,0.325,Visual,4.884,19,1.0
ARMFUL,0.421,0.0,3.421,1.0,0.211,2.158,1.305,0.0,1.774,1.7,0.918,2.007,3.421,0.474,Haptic,3.713,19,0.95
BRAKE PEDAL,0.737,0.105,3.421,0.474,0.053,2.947,1.098,0.459,1.895,1.02,0.229,1.779,3.421,0.435,Haptic,4.044,19,1.0
TAKE,1.263,0.368,3.421,0.368,0.105,2.737,1.727,1.212,1.865,0.761,0.315,2.104,3.421,0.401,Haptic,3.972,19,0.95
DUFFEL BAG,0.684,0.421,3.421,0.316,0.474,3.947,1.204,1.305,1.575,1.003,0.841,1.508,3.947,0.392,Visual,4.674,19,1.0
CUBE,0.526,0.684,3.421,0.211,0.158,3.684,1.073,1.493,1.575,0.713,0.501,1.635,3.684,0.406,Visual,4.49,19,1.0
WRINKLED,0.105,0.0,3.421,0.263,0.053,4.526,0.315,0.0,1.71,0.806,0.229,0.905,4.526,0.541,Visual,5.102,19,1.0
FLACCIDNESS,0.158,0.0,3.421,1.316,0.0,3.211,0.375,0.0,1.865,1.857,0.0,2.149,3.421,0.422,Haptic,4.225,19,0.905
GROPER,0.684,0.105,3.421,1.105,0.105,3.053,1.157,0.459,2.194,1.823,0.315,1.471,3.421,0.391,Haptic,4.124,19,0.95
LOOSE,0.737,0.053,3.421,0.895,0.105,2.789,1.147,0.229,1.895,1.449,0.315,1.782,3.421,0.421,Haptic,3.976,19,1.0
LATCH ON,1.158,0.158,3.421,0.684,0.053,3.368,1.425,0.688,1.465,1.108,0.229,1.921,3.421,0.381,Haptic,4.311,19,0.95
SLEDGEHAMMER,2.474,0.0,3.421,0.368,0.211,4.263,1.982,0.0,1.865,0.831,0.918,1.485,4.263,0.397,Visual,5.101,19,1.0
BOX,0.105,0.0,3.421,0.053,0.105,4.368,0.315,0.0,1.575,0.229,0.315,1.012,4.368,0.542,Visual,4.979,19,1.0
GRASS,0.74,0.575,3.42,0.438,3.033,4.412,1.314,1.166,1.555,1.09,1.535,1.016,4.412,0.315,Visual,5.365,15991,0.998
SHAWL,0.448,0.0,3.414,0.31,0.207,3.828,1.352,0.0,1.881,0.761,0.675,1.627,3.828,0.466,Visual,4.579,29,0.806
UNHOOK,1.235,0.235,3.412,0.471,0.176,4.0,1.147,0.664,1.372,1.179,0.529,1.173,4.0,0.401,Visual,4.728,17,0.895
KNITWEAR,0.353,0.294,3.412,0.294,0.294,3.941,1.222,1.213,1.543,1.213,1.213,1.435,3.941,0.425,Visual,4.658,17,1.0
DRESS,0.353,0.0,3.412,0.529,0.059,4.353,0.996,0.0,2.063,1.281,0.243,1.057,4.353,0.5,Visual,4.965,17,1.0
COVERALLS,0.588,0.059,3.412,0.706,0.529,4.412,1.176,0.243,1.583,1.404,1.068,0.87,4.412,0.448,Visual,5.017,17,0.944
WORKBAG,0.176,0.0,3.412,0.118,0.059,3.294,0.529,0.0,1.734,0.485,0.243,1.759,3.412,0.483,Haptic,4.226,17,0.944
UNTHAWED,0.529,1.0,3.412,0.647,0.824,3.529,1.231,1.225,1.661,1.412,1.468,1.546,3.529,0.302,Visual,4.408,17,1.0
VIBRATING,2.706,0.0,3.412,1.176,0.0,2.588,1.687,0.0,1.543,1.334,0.0,1.77,3.412,0.345,Haptic,4.282,17,1.0
HOME APPLIANCE,2.765,0.0,3.412,0.118,0.118,4.647,1.954,0.0,1.502,0.485,0.332,0.702,4.647,0.42,Visual,5.442,17,1.0
HORSE,3.294,0.235,3.412,0.176,1.588,4.647,1.49,0.752,1.121,0.529,1.417,0.862,4.647,0.335,Visual,5.645,17,0.944
HYPOTHERMIA,0.706,0.118,3.412,3.824,0.235,1.353,1.532,0.332,1.97,1.944,0.752,2.149,3.824,0.384,Interoceptive,4.618,17,0.944
BALLPOINT PEN,0.059,0.0,3.412,0.059,0.059,4.588,0.243,0.0,1.698,0.243,0.243,0.795,4.588,0.561,Visual,5.146,17,1.0
CRISPY,2.294,3.059,3.412,0.412,0.412,3.059,1.863,1.819,1.543,0.939,1.228,1.713,3.412,0.237,Haptic,4.779,17,1.0
AIRFLOW,2.0,0.176,3.412,1.353,1.412,1.647,1.658,0.529,1.372,1.693,1.734,1.869,3.412,0.324,Haptic,3.859,17,1.0
FLEXIBLE,0.647,0.471,3.412,2.235,0.176,3.647,1.455,1.328,2.063,1.954,0.728,1.998,3.647,0.328,Visual,4.638,17,0.944
FIREARM,3.471,0.0,3.412,0.412,0.706,4.059,1.972,0.0,1.734,0.87,0.985,1.435,4.059,0.337,Visual,5.299,17,1.0
FLOSS,0.529,1.294,3.412,0.588,0.471,3.765,0.943,1.759,1.77,1.372,1.281,1.48,3.765,0.327,Visual,4.574,17,1.0
EARLOBE,0.471,0.118,3.412,0.176,0.235,4.0,1.068,0.485,1.622,0.529,0.664,1.5,4.0,0.462,Visual,4.7,17,1.0
PRONGED,0.118,0.0,3.412,0.529,0.0,3.647,0.332,0.0,1.417,1.281,0.0,1.656,3.647,0.473,Visual,4.454,17,0.895
BARBWIRE,0.294,0.0,3.412,0.118,0.235,4.118,0.772,0.0,1.734,0.485,0.562,0.993,4.118,0.504,Visual,4.785,17,1.0
LIMB,0.882,0.353,3.412,2.0,0.471,4.059,1.495,1.057,1.734,2.0,1.328,1.144,4.059,0.332,Visual,4.869,17,1.0
PLUSHY,0.941,0.118,3.412,0.412,0.118,3.471,1.676,0.485,1.906,0.87,0.485,1.7,3.471,0.396,Visual,4.352,17,1.0
ZIT,0.0,0.0,3.412,1.118,0.0,4.412,0.0,0.0,1.938,1.616,0.0,1.121,4.412,0.493,Visual,5.026,17,0.895
SOIL,0.235,0.176,3.412,0.059,2.294,4.176,0.562,0.393,1.326,0.243,1.359,1.237,4.176,0.398,Visual,4.995,17,1.0
LIQUIDNESS,1.706,1.471,3.412,0.882,0.647,4.059,1.649,1.94,1.583,1.654,1.367,1.298,4.059,0.28,Visual,4.873,17,1.0
NEEDLES,0.176,0.0,3.412,1.0,0.0,3.647,0.728,0.0,2.093,1.696,0.0,1.835,3.647,0.443,Visual,4.469,17,1.0
NEEDLELIKE,0.588,0.353,3.412,1.176,0.294,3.471,1.417,1.222,1.839,1.879,1.213,2.004,3.471,0.342,Visual,4.369,17,0.944
DENIM,0.059,0.0,3.412,0.059,0.294,4.294,0.243,0.0,1.698,0.243,0.686,0.772,4.294,0.529,Visual,4.918,17,0.944
ROUNDEDNESS,0.294,0.176,3.412,0.118,0.176,4.412,0.849,0.728,1.46,0.485,0.728,0.795,4.412,0.5,Visual,5.008,17,0.944
SATIN,1.0,0.294,3.412,0.765,0.294,3.353,1.837,1.213,2.123,1.602,1.213,1.693,3.412,0.342,Haptic,4.289,17,0.944
ROCKY,0.176,0.0,3.412,0.235,0.0,3.706,0.529,0.0,1.661,0.562,0.0,1.795,3.706,0.492,Visual,4.492,17,1.0
SENSORY,3.176,3.353,3.412,3.412,3.0,3.765,2.128,2.06,2.033,2.063,2.264,1.522,3.765,0.038,Visual,6.123,17,1.0
LATCH,2.059,0.0,3.412,0.353,0.0,4.118,1.886,0.0,1.77,1.057,0.0,1.269,4.118,0.414,Visual,4.909,17,1.0
SEW,1.294,0.0,3.412,0.471,0.0,3.941,1.49,0.0,1.661,1.179,0.0,1.638,3.941,0.432,Visual,4.691,17,1.0
SCREWING,1.941,0.176,3.412,1.529,0.294,4.118,1.983,0.728,1.583,2.095,0.849,0.993,4.118,0.344,Visual,4.939,17,1.0
ONIONSKIN,0.656,1.562,3.406,0.594,3.062,4.031,1.428,1.999,1.701,1.241,1.966,1.513,4.031,0.258,Visual,5.168,32,0.889
POGO STICK,1.919,0.0,3.405,0.946,0.162,3.757,1.816,0.0,1.802,1.58,0.688,1.754,3.757,0.369,Visual,4.648,37,1.0
HOSIERY,0.4,0.333,3.4,0.4,0.333,3.8,1.298,1.291,1.502,1.056,0.9,1.207,3.8,0.4,Visual,4.553,15,0.789
COMFORT,1.7,1.0,3.4,3.85,1.0,2.75,2.003,1.747,1.667,1.954,1.686,1.97,3.85,0.208,Interoceptive,4.988,20,1.0
MOISTENER,0.475,0.15,3.4,0.475,0.975,2.675,1.109,0.58,1.736,1.198,1.387,1.526,3.4,0.399,Haptic,3.906,40,1.0
UNSMOOTHED,0.133,0.733,3.4,0.733,0.2,2.733,0.352,1.624,1.805,1.486,0.775,1.751,3.4,0.412,Haptic,3.926,15,0.882
PRESSURE,1.933,0.067,3.4,3.667,0.267,3.0,1.831,0.258,1.595,1.759,0.799,1.773,3.667,0.292,Interoceptive,4.971,15,1.0
SLINGSHOT,1.933,0.0,3.4,0.533,0.0,4.2,1.944,0.0,1.724,1.246,0.0,1.424,4.2,0.417,Visual,4.943,15,1.0
JEWELRY,0.7,0.1,3.4,0.25,0.15,4.3,1.261,0.447,1.231,0.716,0.489,1.081,4.3,0.472,Visual,4.921,20,1.0
BALSAWOOD,0.667,0.2,3.4,0.067,1.4,3.533,1.447,0.561,1.404,0.258,1.639,1.598,3.533,0.374,Visual,4.422,15,0.75
LETTER OPENER,0.65,0.0,3.4,0.25,0.05,3.65,1.04,0.0,1.698,0.786,0.224,1.631,3.65,0.456,Visual,4.452,20,1.0
EMBOSSING,1.2,0.2,3.4,1.2,0.5,4.6,1.317,0.632,1.838,1.619,0.85,0.966,4.6,0.396,Visual,5.195,10,0.556
SCRATCHES,1.5,0.1,3.4,1.9,0.0,3.35,1.906,0.447,1.903,2.269,0.0,1.843,3.4,0.332,Haptic,4.433,20,1.0
CAMISOLE,0.067,0.0,3.4,0.267,0.2,3.867,0.258,0.0,1.454,0.594,0.414,1.457,3.867,0.496,Visual,4.597,15,0.938
ROPE,0.45,0.2,3.4,0.2,0.4,4.1,1.099,0.616,1.569,0.616,0.995,1.483,4.1,0.446,Visual,4.768,20,1.0
ROUGHING,1.8,0.7,3.4,2.6,0.55,2.9,1.824,1.38,1.465,1.392,0.945,1.586,3.4,0.238,Haptic,4.441,20,0.952
SQUEEZING,0.278,0.0,3.389,0.889,0.0,2.222,0.752,0.0,1.65,1.231,0.0,1.768,3.389,0.5,Haptic,3.699,18,1.0
GRAPPLING,1.444,0.222,3.389,1.167,0.222,3.222,1.542,0.647,1.944,1.654,0.647,1.833,3.389,0.328,Haptic,4.254,18,0.947
CAGE,1.0,0.0,3.389,0.167,0.222,4.111,1.372,0.0,2.062,0.514,0.647,1.568,4.111,0.462,Visual,4.783,18,1.0
FUZZ,0.5,0.389,3.389,0.167,0.0,3.778,1.339,1.195,1.72,0.383,0.0,1.555,3.778,0.459,Visual,4.531,18,1.0
BINDER,0.833,0.278,3.389,0.444,0.333,3.611,1.465,0.752,1.883,1.097,0.84,1.852,3.611,0.375,Visual,4.427,18,0.947
PRESSURE POINT,0.611,0.222,3.389,2.5,0.111,1.333,1.42,0.732,2.033,2.036,0.471,1.68,3.389,0.401,Haptic,3.852,18,1.0
SLEEPING BAG,0.667,0.0,3.389,0.444,0.444,3.944,1.372,0.0,1.852,0.984,1.199,1.514,3.944,0.444,Visual,4.653,18,1.0
FLUID,1.889,2.389,3.389,1.0,1.278,3.944,1.491,1.944,1.42,1.572,1.32,1.162,3.944,0.212,Visual,4.983,18,1.0
BRUSH,1.278,0.222,3.389,1.111,0.222,3.278,1.227,0.548,1.754,1.278,0.732,1.934,3.389,0.333,Haptic,4.266,18,1.0
FLANNEL,0.278,0.278,3.389,0.278,0.5,3.667,1.179,1.179,1.72,1.179,1.465,1.455,3.667,0.404,Visual,4.455,18,1.0
EPIDERMAL,0.278,0.056,3.389,1.333,0.167,2.0,0.958,0.236,2.033,1.815,0.383,2.058,3.389,0.462,Haptic,3.667,18,0.947
SCRATCHER,1.167,0.167,3.389,1.0,0.167,3.611,1.2,0.707,2.004,1.847,0.707,1.539,3.611,0.363,Visual,4.458,18,1.0
SCROTUM,0.0,0.056,3.389,1.278,0.222,4.611,0.0,0.236,1.819,2.137,0.428,0.778,4.611,0.483,Visual,5.181,18,0.947
DEADBOLT,1.667,0.0,3.389,0.0,0.0,4.111,2.086,0.0,1.914,0.0,0.0,1.491,4.111,0.448,Visual,4.835,18,0.947
THICKNESS,0.611,0.167,3.389,0.222,0.0,3.611,1.335,0.383,1.883,0.732,0.0,1.72,3.611,0.451,Visual,4.418,18,1.0
KNIFEBOARD,1.167,0.0,3.389,0.167,0.389,4.167,1.15,0.0,1.787,0.707,0.778,1.339,4.167,0.449,Visual,4.833,18,0.9
PLASTER CAST,0.769,0.231,3.385,0.769,1.154,4.615,1.235,0.832,1.758,1.536,1.625,0.87,4.615,0.401,Visual,5.187,13,0.867
BAMBOO,0.5,0.588,3.382,0.088,1.0,4.088,1.261,1.282,1.843,0.288,1.595,1.564,4.088,0.415,Visual,4.767,34,1.0
GRITTY,1.147,1.5,3.382,0.971,0.265,2.853,1.52,1.973,1.939,1.586,0.71,2.032,3.382,0.308,Haptic,4.076,34,1.0
ERGONOMIC,0.476,0.238,3.381,1.762,0.476,2.286,1.25,0.768,1.936,1.814,1.289,1.901,3.381,0.365,Haptic,3.832,21,0.875
OPENING,1.619,0.333,3.381,1.238,0.571,3.81,1.532,0.73,1.658,1.758,1.121,1.537,3.81,0.317,Visual,4.646,21,1.0
SOFA BED,0.188,0.0,3.375,0.375,0.0,3.875,0.544,0.0,1.857,1.258,0.0,1.544,3.875,0.496,Visual,4.59,16,1.0
BUBBLE BATH,1.75,0.375,3.375,1.25,2.0,4.125,1.915,1.258,1.928,1.844,1.751,1.147,4.125,0.291,Visual,4.987,16,1.0
TOOTH,0.5,0.812,3.375,1.375,0.062,3.25,0.894,1.424,1.5,1.821,0.25,1.88,3.375,0.353,Haptic,4.236,16,1.0
DAMPEN,1.312,0.375,3.375,1.188,0.562,2.562,1.778,1.258,1.708,1.94,1.413,1.999,3.375,0.32,Haptic,3.903,16,1.0
TEFLON,0.312,0.312,3.375,0.312,0.562,3.062,1.25,1.25,1.708,1.25,1.365,2.175,3.375,0.386,Haptic,4.07,16,0.889
NAKED,0.438,0.438,3.375,1.812,0.375,4.812,1.315,1.315,1.893,1.94,1.258,0.544,4.812,0.394,Visual,5.384,16,1.0
CROSSBAR,0.5,0.062,3.375,0.875,0.25,4.0,1.033,0.25,1.708,1.544,0.577,1.317,4.0,0.434,Visual,4.691,16,0.762
TANGIBLE,1.062,0.5,3.375,0.625,0.438,2.875,1.482,0.966,2.062,1.147,1.094,1.928,3.375,0.331,Haptic,3.997,16,1.0
ADHESIVENESS,0.312,0.0,3.375,0.125,0.0,3.188,0.793,0.0,1.996,0.5,0.0,1.94,3.375,0.482,Haptic,4.138,16,0.941
WART,0.25,0.0,3.375,0.875,0.312,4.375,0.775,0.0,1.821,1.204,1.25,1.204,4.375,0.476,Visual,4.972,16,1.0
UNCOATED,0.625,0.625,3.375,0.312,0.375,4.188,1.708,1.455,1.668,1.25,1.258,1.377,4.188,0.408,Visual,4.827,16,0.941
PILLOWCASE,0.188,0.0,3.375,0.062,0.562,3.062,0.544,0.0,1.784,0.25,1.094,2.144,3.375,0.466,Haptic,4.069,16,1.0
PUSHPIN,0.938,0.688,3.375,1.375,0.625,3.938,1.436,1.302,1.544,1.708,1.147,1.289,3.938,0.303,Visual,4.695,16,0.941
PUNCTURED,2.0,0.125,3.375,1.312,0.312,4.375,1.897,0.5,1.746,1.662,0.602,0.806,4.375,0.37,Visual,5.098,16,1.0
OILY,0.062,1.062,3.375,0.125,1.125,3.062,0.25,1.769,1.962,0.342,1.668,1.436,3.375,0.376,Haptic,4.117,16,1.0
WRIST WATCH,1.25,0.0,3.375,0.0,0.0,3.75,1.183,0.0,1.708,0.0,0.0,1.88,3.75,0.448,Visual,4.533,16,1.0
FISTING,0.625,0.25,3.375,2.5,0.25,3.0,1.258,0.775,2.029,2.309,0.775,2.033,3.375,0.312,Haptic,4.333,16,1.0
BATHE,2.375,0.438,3.375,1.938,1.312,3.875,2.125,1.263,1.408,2.081,1.74,1.258,3.875,0.258,Visual,4.928,16,1.0
LADDER,0.789,0.105,3.368,0.474,0.211,4.632,1.548,0.459,1.832,1.307,0.918,0.955,4.632,0.473,Visual,5.17,19,1.0
SLUSH,1.632,0.789,3.368,0.632,0.368,2.947,1.739,1.584,1.802,1.165,1.165,1.715,3.368,0.308,Haptic,4.101,19,0.95
WOOD,0.579,0.316,3.368,0.368,1.895,4.263,0.961,0.82,1.606,1.116,1.629,1.098,4.263,0.366,Visual,4.97,19,1.0
GLASS,1.211,0.211,3.368,0.105,0.184,4.211,1.63,0.664,1.422,0.388,0.652,1.166,4.211,0.442,Visual,4.858,38,1.0
STING,0.789,0.263,3.368,3.579,0.263,2.632,1.548,1.147,1.802,1.539,1.147,2.06,3.579,0.304,Interoceptive,4.685,19,1.0
PLASTICS,0.895,0.368,3.368,0.0,1.211,3.895,1.487,0.955,1.739,0.0,1.437,1.696,3.895,0.4,Visual,4.639,19,1.0
HUDDLING,0.632,0.0,3.368,1.0,0.158,3.105,1.212,0.0,1.674,1.633,0.375,2.105,3.368,0.408,Haptic,4.11,19,0.95
COLLAR,0.263,0.053,3.368,0.474,0.105,3.474,0.562,0.229,1.739,1.307,0.315,1.744,3.474,0.442,Visual,4.314,19,1.0
GANGBANG,2.316,1.0,3.368,2.526,1.211,3.474,1.734,1.374,1.862,2.065,1.653,1.645,3.474,0.178,Visual,4.812,19,1.0
KITCHEN TABLE,0.684,0.842,3.368,0.368,0.579,4.263,1.204,1.608,1.739,1.012,1.17,1.147,4.263,0.385,Visual,4.889,19,1.0
SOAKED,0.421,0.158,3.368,1.158,0.316,2.737,0.769,0.688,1.535,1.5,0.749,1.593,3.368,0.394,Haptic,3.923,19,1.0
SKETCHPAD,0.684,0.263,3.368,0.263,0.474,4.368,1.455,0.733,2.114,1.147,1.073,1.461,4.368,0.436,Visual,4.96,19,1.0
SEALING WAX,0.158,0.053,3.368,0.0,1.789,3.579,0.375,0.229,1.832,0.0,1.873,1.924,3.579,0.4,Visual,4.478,19,0.95
ROSE,0.263,0.316,3.368,0.684,3.895,4.474,0.562,0.749,1.535,1.003,1.37,1.02,4.474,0.324,Visual,5.721,19,1.0
CELERY,0.895,4.421,3.368,0.632,2.895,3.684,1.663,1.17,1.535,1.571,1.792,1.529,4.421,0.238,Gustatory,5.847,19,1.0
SWEATSHIRT,0.211,0.105,3.368,0.316,0.684,3.842,0.713,0.459,1.499,0.946,1.25,1.573,3.842,0.438,Visual,4.568,19,1.0
STRAWBOARD,0.182,0.091,3.364,0.091,0.364,4.182,0.405,0.302,1.69,0.302,0.674,1.25,4.182,0.495,Visual,4.809,11,0.647
HORSEHAIR,0.152,0.061,3.364,0.182,0.909,3.03,0.442,0.242,1.868,0.392,1.234,1.704,3.364,0.429,Haptic,4.054,33,0.943
TELEPHONE CORD,0.318,0.0,3.364,0.091,0.045,4.045,0.894,0.0,1.84,0.426,0.213,1.362,4.045,0.514,Visual,4.707,22,1.0
SLIMNESS,0.697,0.879,3.364,1.333,0.364,3.485,1.38,1.364,1.782,1.534,1.025,1.77,3.485,0.308,Visual,4.376,33,1.0
CELLOPHANE,1.714,0.0,3.357,0.071,0.357,4.5,1.773,0.0,1.499,0.267,0.745,0.65,4.5,0.45,Visual,5.118,14,0.875
DOWEL,0.286,0.0,3.357,0.143,0.143,4.357,0.611,0.0,2.023,0.535,0.363,1.499,4.357,0.526,Visual,4.94,14,0.778
PLIABLE,0.143,0.0,3.357,0.357,0.0,3.071,0.363,0.0,1.865,0.929,0.0,1.207,3.357,0.485,Haptic,4.059,14,0.737
OVERRIPE,0.429,3.571,3.357,0.714,2.857,3.429,1.089,1.95,1.781,1.139,2.07,1.604,3.571,0.219,Gustatory,5.283,14,0.778
PAINFULNESS,1.353,0.176,3.353,4.765,0.118,1.824,1.412,0.393,1.902,0.562,0.332,1.629,4.765,0.401,Interoceptive,5.365,17,1.0
WEIGHTY,0.647,0.059,3.353,1.059,0.0,2.941,1.222,0.243,2.06,1.749,0.0,2.015,3.353,0.416,Haptic,4.012,17,1.0
CATCH,1.176,0.0,3.353,0.412,0.0,4.059,1.629,0.0,2.029,0.87,0.0,1.345,4.059,0.451,Visual,4.736,17,1.0
PENCIL CASE,0.471,0.0,3.353,0.0,0.294,4.0,0.874,0.0,2.06,0.0,0.772,1.803,4.0,0.493,Visual,4.67,17,1.0
TOILET,2.529,0.294,3.353,1.529,2.294,4.412,1.7,1.213,1.835,2.035,1.404,0.87,4.412,0.286,Visual,5.377,17,1.0
BEDRAIL,0.059,0.0,3.353,0.0,0.0,3.941,0.243,0.0,1.869,0.0,0.0,1.749,3.941,0.536,Visual,4.625,17,1.0
RAG,1.059,0.471,3.353,0.529,1.353,3.588,1.676,1.068,1.73,1.007,1.579,1.417,3.588,0.301,Visual,4.445,17,1.0
GRANDBABY,3.882,0.176,3.353,1.706,2.529,4.294,1.933,0.529,2.06,2.114,2.183,1.359,4.294,0.258,Visual,5.814,17,1.0
HOLD TIGHT,0.529,0.0,3.353,0.941,0.059,2.588,1.068,0.0,1.835,1.345,0.243,1.77,3.353,0.449,Haptic,3.826,17,1.0
FIANCE,3.412,1.412,3.353,2.353,2.412,3.941,2.002,1.77,1.801,1.801,2.033,1.713,3.941,0.15,Visual,5.523,17,1.0
HIPBONE,0.471,0.235,3.353,2.647,0.235,2.118,1.068,0.664,1.32,1.869,0.664,1.965,3.353,0.344,Haptic,4.039,17,0.944
TOAST,0.824,4.647,3.353,0.529,3.529,4.294,1.237,0.606,1.693,1.231,1.505,0.92,4.647,0.24,Gustatory,6.398,17,1.0
HARDER,0.529,0.059,3.353,1.529,0.0,1.824,0.943,0.243,1.835,1.546,0.0,1.776,3.353,0.46,Haptic,3.621,17,1.0
NIGHTGOWN,0.412,0.294,3.353,0.529,0.412,4.0,1.228,1.213,1.766,1.375,1.228,1.414,4.0,0.412,Visual,4.672,17,1.0
PEDAL,0.529,0.0,3.353,0.294,0.0,3.471,1.068,0.0,1.869,0.588,0.0,1.972,3.471,0.454,Visual,4.303,17,0.944
COOLING,1.294,1.235,3.353,2.824,0.824,2.176,1.687,1.678,1.967,1.944,1.704,1.741,3.353,0.216,Haptic,4.22,17,1.0
PIERCED,0.647,0.176,3.353,1.471,0.176,3.765,1.115,0.728,1.656,1.841,0.728,1.715,3.765,0.374,Visual,4.555,17,0.944
HYPERSENSITIVITY,2.235,1.824,3.353,3.647,1.882,2.353,2.107,2.038,1.801,1.801,2.058,2.12,3.647,0.119,Interoceptive,4.975,17,0.944
SUPERHEATED,0.529,0.176,3.353,2.941,0.765,2.765,1.179,0.728,1.998,1.983,1.2,1.888,3.353,0.302,Haptic,4.395,17,0.895
SOFT SPOT,0.941,0.059,3.353,1.647,0.059,2.588,1.676,0.243,1.73,1.869,0.243,1.938,3.353,0.381,Haptic,3.922,17,0.944
LUBE,0.235,0.588,3.353,0.353,1.235,3.294,0.437,1.176,1.32,0.606,1.522,1.448,3.353,0.344,Haptic,4.228,17,1.0
TACTILE,0.706,0.529,3.353,1.412,0.529,1.235,1.532,1.505,2.178,2.093,1.505,1.715,3.353,0.364,Haptic,3.505,17,0.85
SHAVER,1.353,0.0,3.353,0.588,0.0,3.294,1.618,0.0,1.693,1.372,0.0,1.213,3.353,0.39,Haptic,4.238,17,1.0
COIL,1.0,0.176,3.353,0.765,0.529,3.471,1.696,0.728,1.801,1.251,1.125,2.095,3.471,0.354,Visual,4.329,17,1.0
STUBBLY,0.176,0.118,3.353,0.294,0.118,3.471,0.529,0.485,1.935,0.772,0.485,1.736,3.471,0.445,Visual,4.3,17,0.81
BACKSLAPPING,2.059,0.0,3.353,1.529,0.118,3.588,1.638,0.0,2.09,1.908,0.485,1.228,3.588,0.337,Visual,4.582,17,1.0
BOOTS,0.294,0.0,3.353,0.0,0.353,4.118,0.772,0.0,2.09,0.0,0.862,1.317,4.118,0.507,Visual,4.756,17,1.0
FINGERNAIL,0.45,0.15,3.35,0.45,0.05,3.75,0.999,0.366,1.694,1.05,0.224,1.372,3.75,0.451,Visual,4.49,20,1.0
BREAST,0.25,0.8,3.35,1.05,0.45,4.05,1.118,1.24,1.725,1.538,1.146,1.432,4.05,0.382,Visual,4.73,20,1.0
BOARD GAME,2.1,0.25,3.35,0.45,0.5,4.0,1.804,1.118,1.424,1.191,1.192,1.257,4.0,0.352,Visual,4.807,20,0.952
BEARD,0.1,0.0,3.35,0.05,0.05,4.35,0.447,0.0,1.785,0.224,0.224,1.04,4.35,0.551,Visual,4.931,20,1.0
TEA TRAY,0.5,0.4,3.35,0.35,0.55,4.2,1.192,1.273,1.843,1.182,1.432,1.576,4.2,0.412,Visual,4.821,20,1.0
IPAD,1.5,0.0,3.35,0.15,0.0,4.2,1.67,0.0,1.843,0.489,0.0,1.436,4.2,0.457,Visual,4.864,20,1.0
RASH,0.3,0.15,3.35,3.0,0.2,3.45,1.129,0.671,1.954,2.176,0.894,1.849,3.45,0.316,Visual,4.728,20,1.0
ICEPACK,0.15,0.05,3.35,0.55,0.15,2.75,0.489,0.224,1.725,1.146,0.489,1.832,3.35,0.471,Haptic,3.883,20,1.0
FLATNESS,1.15,0.6,3.35,0.35,0.2,4.0,1.755,1.429,1.843,1.137,0.894,1.17,4.0,0.394,Visual,4.693,20,1.0
SHOWERHEAD,1.7,0.1,3.35,0.4,0.05,4.35,1.72,0.447,1.663,0.821,0.224,1.137,4.35,0.432,Visual,4.998,20,1.0
GOUGE,0.533,0.067,3.333,1.733,0.333,3.8,1.125,0.258,2.16,2.12,1.047,1.781,3.8,0.381,Visual,4.6,15,0.882
BUCKET SEAT,0.111,0.0,3.333,0.5,0.167,4.278,0.323,0.0,1.495,1.2,0.514,0.958,4.278,0.51,Visual,4.869,18,1.0
FLOWER,0.278,1.167,3.333,1.0,4.389,4.278,0.958,1.689,1.715,1.68,0.916,1.227,4.389,0.285,Olfactory,5.872,18,1.0
MUSH,0.933,2.2,3.333,0.867,1.0,3.467,1.668,1.859,1.676,1.506,1.414,1.642,3.467,0.22,Visual,4.511,15,1.0
SCRUBBED,1.833,0.056,3.333,0.389,0.389,3.5,1.425,0.236,1.879,0.85,0.778,1.724,3.5,0.363,Visual,4.417,18,1.0
HARDHAT,0.444,0.167,3.333,0.278,0.167,3.944,1.149,0.707,1.879,0.752,0.514,1.434,3.944,0.453,Visual,4.619,18,1.0
SNOWY,0.833,0.444,3.333,0.444,0.556,4.889,1.15,1.042,1.609,0.922,0.984,0.323,4.889,0.423,Visual,5.37,18,1.0
FRISK,1.111,0.0,3.333,0.944,0.0,3.222,1.605,0.0,1.97,1.434,0.0,1.987,3.333,0.387,Haptic,4.174,18,1.0
HAIRLESSNESS,0.444,0.056,3.333,0.556,0.167,4.222,1.149,0.236,1.815,1.294,0.707,1.263,4.222,0.475,Visual,4.828,18,1.0
ALMOND,0.278,4.611,3.333,0.333,2.167,4.0,1.179,0.608,1.847,0.84,1.978,1.455,4.611,0.294,Gustatory,5.937,18,1.0
BREEZINESS,2.222,0.0,3.333,1.278,0.611,2.333,1.768,0.0,1.609,1.742,1.461,2.0,3.333,0.341,Haptic,3.98,18,1.0
COLLARBONE,0.0,0.0,3.333,1.056,0.0,3.833,0.0,0.0,1.97,1.662,0.0,1.79,3.833,0.466,Visual,4.556,18,1.0
NUTSHELL,1.381,1.524,3.333,0.238,0.762,3.143,1.658,1.721,1.494,0.539,1.136,1.74,3.333,0.298,Haptic,4.212,21,0.955
LIGHTLY,1.524,0.667,3.333,1.714,0.762,2.048,1.94,1.278,2.082,2.239,1.578,1.962,3.333,0.265,Haptic,3.801,21,1.0
BUTT,0.611,0.333,3.333,0.944,1.111,4.389,1.092,1.188,1.91,1.552,1.491,1.29,4.389,0.378,Visual,4.987,18,1.0
CONTACT LENS,0.222,0.167,3.333,0.222,0.056,3.889,0.732,0.514,1.715,0.548,0.236,1.605,3.889,0.486,Visual,4.577,18,1.0
SEDUCE,3.143,1.524,3.333,3.857,1.476,3.571,1.74,1.861,1.798,1.526,1.94,1.568,3.857,0.141,Interoceptive,5.623,21,1.0
SOFTEN,0.556,0.333,3.333,1.333,0.056,2.389,1.199,0.84,2.029,1.847,0.236,1.65,3.333,0.41,Haptic,3.762,18,1.0
MARBLES,1.611,0.222,3.333,0.389,0.333,3.5,1.754,0.943,1.91,1.243,0.97,1.917,3.5,0.349,Visual,4.383,18,0.947
MASSAGER,1.611,0.167,3.333,2.389,0.222,2.944,1.461,0.707,1.715,2.004,0.732,1.552,3.333,0.297,Haptic,4.316,18,1.0
DINNER PLATE,0.611,0.333,3.333,0.056,0.222,4.611,0.778,1.029,1.847,0.236,0.732,0.778,4.611,0.497,Visual,5.134,18,1.0
BATHTUB,1.278,0.0,3.333,1.444,1.222,4.0,1.994,0.0,1.609,1.886,1.665,1.455,4.0,0.355,Visual,4.762,18,1.0
HUMAN,4.056,0.5,3.333,2.222,1.667,4.722,1.305,1.339,1.68,2.13,1.749,0.461,4.722,0.256,Visual,6.08,18,1.0
COOKING,2.619,4.476,3.333,1.714,4.095,4.0,1.884,0.873,1.713,1.927,1.411,1.265,4.476,0.136,Gustatory,6.561,21,1.0
SOUP BOWL,0.333,1.833,3.333,0.5,1.333,3.944,0.594,2.036,1.645,0.924,1.715,1.349,3.944,0.32,Visual,4.749,18,1.0
FLEECY,0.467,0.067,3.333,0.267,0.267,3.267,1.125,0.258,1.799,0.594,0.704,1.907,3.333,0.426,Haptic,4.161,15,0.714
RUG,0.133,0.0,3.333,0.133,0.133,4.267,0.352,0.0,1.759,0.516,0.352,1.438,4.267,0.533,Visual,4.859,15,1.0
NAIL FILE,1.048,0.0,3.333,0.571,0.19,3.857,1.071,0.0,2.082,1.399,0.68,1.652,3.857,0.429,Visual,4.575,21,1.0
PEBBLE,0.833,0.056,3.333,0.111,0.167,4.333,1.339,0.236,1.455,0.323,0.383,0.907,4.333,0.484,Visual,4.919,18,1.0
DRYING,0.5,0.389,3.333,1.0,0.5,3.222,0.924,0.85,1.188,1.328,0.924,1.555,3.333,0.329,Haptic,4.156,18,0.947
CHILLED,0.389,1.278,3.333,3.167,0.0,2.611,1.243,1.565,1.534,1.724,0.0,1.539,3.333,0.309,Haptic,4.46,18,1.0
LEGWARMER,0.278,0.056,3.333,2.0,0.111,3.5,0.958,0.236,1.645,2.275,0.323,1.581,3.5,0.371,Visual,4.447,18,1.0
TIARA,0.5,0.167,3.333,0.167,0.111,4.222,0.985,0.707,1.97,0.707,0.471,1.592,4.222,0.484,Visual,4.827,18,0.947
GIFT,0.667,0.333,3.333,0.389,0.389,4.5,1.237,0.767,1.749,0.979,0.778,0.924,4.5,0.434,Visual,5.048,18,1.0
JUMPSUIT,0.381,0.0,3.333,0.048,0.095,4.19,0.805,0.0,1.798,0.218,0.301,1.289,4.19,0.521,Visual,4.801,21,1.0
HEAVINESS,0.944,0.278,3.333,2.389,0.389,2.722,1.434,0.958,1.815,2.004,1.037,2.024,3.333,0.304,Haptic,4.156,18,1.0
SHOPPING BASKET,0.467,0.133,3.333,0.267,0.6,4.133,0.915,0.516,1.543,0.799,1.121,1.06,4.133,0.448,Visual,4.762,15,1.0
TALC,0.0,0.0,3.333,0.167,1.417,3.75,0.0,0.0,2.06,0.577,1.782,1.765,3.75,0.433,Visual,4.524,12,0.667
GUINEA PIG,2.619,0.238,3.333,0.333,1.952,4.333,1.83,0.539,1.958,0.796,1.802,1.39,4.333,0.32,Visual,5.24,21,1.0
NEST,0.556,0.5,3.333,0.222,0.556,4.556,0.922,1.465,1.749,0.548,1.042,0.705,4.556,0.446,Visual,5.092,18,1.0
NET,0.944,0.333,3.333,0.333,0.389,3.722,1.514,0.97,1.815,1.029,1.145,1.708,3.722,0.374,Visual,4.474,18,1.0
TOILET BOWL,1.889,0.278,3.333,0.667,2.0,4.5,1.811,0.958,1.572,1.188,1.847,0.618,4.5,0.333,Visual,5.232,18,1.0
PRODUCE,0.651,3.093,3.326,1.047,3.233,3.791,1.232,2.245,1.948,1.745,1.986,1.656,3.791,0.207,Visual,5.384,43,1.0
ANKLE BRACELET,0.591,0.0,3.318,0.591,0.0,3.864,1.26,0.0,1.783,1.368,0.0,1.49,3.864,0.462,Visual,4.557,22,1.0
DRESSER,0.895,0.158,3.316,0.421,0.316,4.158,1.595,0.688,1.734,1.017,0.946,1.167,4.158,0.432,Visual,4.779,19,1.0
POUCH,0.158,0.0,3.316,0.105,0.0,3.632,0.688,0.0,1.493,0.459,0.0,1.383,3.632,0.504,Visual,4.386,19,1.0
FRISBEE,1.0,0.316,3.316,0.526,0.316,3.263,1.826,1.003,2.001,1.264,0.946,2.023,3.316,0.343,Haptic,4.168,19,1.0
UNGREASED,0.632,0.211,3.316,0.105,0.579,2.421,1.383,0.713,1.6,0.459,1.121,1.835,3.316,0.442,Haptic,3.711,19,1.0
GUST,3.158,0.0,3.316,0.895,0.105,1.474,1.463,0.0,1.765,1.696,0.315,1.429,3.316,0.371,Haptic,4.158,19,1.0
FORCE,1.263,0.211,3.316,2.0,0.211,2.737,1.24,0.918,1.916,1.764,0.918,1.759,3.316,0.319,Haptic,4.061,19,1.0
BAKING SHEET,0.895,0.105,3.316,0.053,0.474,4.0,1.243,0.459,1.857,0.229,1.02,1.414,4.0,0.446,Visual,4.661,19,1.0
WATERINESS,1.263,2.316,3.316,0.842,0.211,3.158,1.24,1.857,1.6,1.167,0.631,1.608,3.316,0.28,Haptic,4.362,19,0.864
BACKREST,0.105,0.0,3.316,1.053,0.0,2.947,0.315,0.0,1.6,1.545,0.0,1.58,3.316,0.447,Haptic,3.984,19,1.0
FOLD,0.632,0.053,3.316,0.053,0.053,3.579,1.257,0.229,1.529,0.229,0.229,1.575,3.579,0.459,Visual,4.354,19,1.0
BENCH,0.316,0.0,3.316,0.158,0.211,3.895,1.157,0.0,1.6,0.501,0.535,1.1,3.895,0.493,Visual,4.572,19,1.0
SAUNA,0.789,0.0,3.316,2.579,0.526,3.368,1.316,0.0,1.857,1.71,0.772,1.64,3.368,0.318,Visual,4.522,19,1.0
SHEEPSKIN,0.263,0.211,3.316,0.421,0.632,3.105,0.806,0.713,2.001,1.261,1.116,1.969,3.316,0.391,Haptic,4.057,19,0.95
GRANULATED,0.158,0.789,3.316,0.211,0.263,4.105,0.501,1.398,1.565,0.713,0.806,1.41,4.105,0.446,Visual,4.735,19,1.0
SHOULDER,0.105,0.053,3.316,0.947,0.053,4.053,0.315,0.229,1.376,1.615,0.229,0.97,4.053,0.469,Visual,4.701,19,1.0
TUMMY,1.0,0.105,3.316,2.526,0.421,3.105,1.054,0.315,1.765,1.896,0.902,1.969,3.316,0.307,Haptic,4.373,19,1.0
TWIN BED,0.368,0.105,3.316,0.211,0.316,3.789,0.955,0.459,2.056,0.713,0.749,1.782,3.789,0.455,Visual,4.497,19,1.0
DISHWASHING LIQUID,0.684,0.421,3.316,0.053,3.158,4.368,1.336,1.216,2.056,0.229,1.74,1.165,4.368,0.36,Visual,5.333,19,1.0
CRAYON,0.158,0.316,3.316,0.0,0.895,4.053,0.501,0.478,1.701,0.0,1.286,1.393,4.053,0.464,Visual,4.699,19,1.0
RAKING,2.053,0.211,3.316,0.789,0.474,3.526,1.682,0.631,1.668,1.686,0.964,1.611,3.526,0.32,Visual,4.474,19,1.0
FEATHERLIKE,0.368,0.211,3.316,0.632,0.211,3.053,0.831,0.631,2.001,1.3,0.535,1.84,3.316,0.399,Haptic,4.025,19,1.0
THUMB,0.257,0.2,3.314,0.6,0.086,3.429,0.919,0.473,1.811,1.035,0.373,1.787,3.429,0.424,Visual,4.253,35,1.0
FLOGGING,2.625,0.0,3.312,2.188,0.125,3.688,1.708,0.0,2.089,1.974,0.5,1.887,3.688,0.309,Visual,4.864,16,0.8
GREASELESS,0.688,1.188,3.312,0.188,1.0,2.812,1.138,1.834,1.887,0.544,1.506,2.04,3.312,0.34,Haptic,3.949,16,0.889
SLIPKNOT,1.062,0.0,3.312,0.062,0.0,3.938,1.948,0.0,1.887,0.25,0.0,1.124,3.938,0.47,Visual,4.62,16,0.941
CONSTRICT,0.688,0.0,3.312,2.375,0.0,2.562,0.946,0.0,1.621,1.996,0.0,1.548,3.312,0.371,Haptic,4.059,16,1.0
SIFT,1.188,0.062,3.312,0.125,0.375,3.375,1.721,0.25,1.815,0.342,0.885,1.668,3.375,0.393,Visual,4.245,16,0.941
MUSICAL INSTRUMENT,4.938,0.125,3.312,1.375,0.125,3.938,0.25,0.342,2.024,1.784,0.342,1.34,4.938,0.348,Auditory,6.04,16,1.0
LOUNGE CHAIR,0.312,0.0,3.312,0.625,0.312,4.438,0.793,0.0,1.852,1.408,0.704,1.315,4.438,0.493,Visual,4.987,16,1.0
BRAIDING,0.188,0.25,3.312,0.438,0.25,3.25,0.544,0.775,1.74,0.892,0.775,1.653,3.312,0.407,Haptic,4.137,16,0.842
BABY POWDER,0.125,0.062,3.312,0.188,3.625,2.938,0.5,0.25,1.922,0.75,1.586,1.914,3.625,0.348,Olfactory,4.782,16,1.0
WINEGLASS,1.25,0.375,3.312,0.125,0.125,3.938,1.438,0.719,2.089,0.342,0.342,1.611,3.938,0.418,Visual,4.632,16,1.0
MOLDABLE,0.062,0.0,3.312,0.125,0.0,2.938,0.25,0.0,1.702,0.342,0.0,2.081,3.312,0.515,Haptic,3.951,16,0.941
SANDINESS,0.062,0.25,3.312,0.125,0.125,3.0,0.25,0.577,2.12,0.342,0.342,1.897,3.312,0.473,Haptic,3.987,16,0.941
HEAVY,0.438,0.125,3.312,1.688,0.188,2.125,0.964,0.5,1.991,1.852,0.75,1.821,3.312,0.405,Haptic,3.705,16,1.0
RUB OFF,0.812,0.125,3.312,0.438,0.438,3.125,1.642,0.342,1.852,1.031,1.094,1.857,3.312,0.386,Haptic,4.073,16,0.941
COCKTAIL SHAKER,2.375,0.438,3.312,0.125,0.625,3.75,1.996,1.209,1.887,0.5,1.204,1.915,3.75,0.341,Visual,4.685,16,1.0
FRUITWOOD,0.385,0.615,3.308,0.385,1.615,4.154,0.65,1.446,1.653,0.87,1.193,1.519,4.154,0.36,Visual,4.826,13,0.684
FINGERER,0.538,0.231,3.308,1.846,0.154,2.154,1.33,0.599,2.057,1.994,0.376,1.994,3.308,0.383,Haptic,3.748,13,0.812
PANAMA HAT,0.077,0.0,3.308,0.0,0.231,4.308,0.277,0.0,1.494,0.0,0.599,1.316,4.308,0.544,Visual,4.879,13,0.765
INJECTION,0.394,0.121,3.303,2.182,0.273,3.606,0.747,0.545,1.723,1.928,0.719,1.456,3.606,0.353,Visual,4.537,33,0.971
ELECTRONIC DEVICE,2.9,0.1,3.3,0.3,0.25,4.6,1.944,0.447,1.75,0.733,0.716,0.94,4.6,0.393,Visual,5.403,20,1.0
WINDOW GLASS,0.35,0.0,3.3,0.25,0.05,4.3,0.813,0.0,1.418,0.91,0.224,1.218,4.3,0.521,Visual,4.87,20,1.0
PANTS,0.3,0.0,3.3,0.3,0.15,3.95,0.657,0.0,1.559,0.979,0.489,1.317,3.95,0.494,Visual,4.605,20,1.0
CUTLERY,0.85,0.1,3.3,0.0,0.1,3.8,1.461,0.447,1.976,0.0,0.308,1.704,3.8,0.466,Visual,4.505,20,1.0
PINEAPPLE,0.15,4.5,3.3,0.45,3.4,4.1,0.489,1.0,1.72,1.234,1.273,1.165,4.5,0.274,Gustatory,6.174,20,1.0
JELLYLIKE,0.45,1.6,3.3,0.8,0.35,3.95,0.759,1.698,1.689,1.436,0.671,1.146,3.95,0.344,Visual,4.677,20,1.0
DONUT,0.5,4.55,3.3,0.6,3.6,3.9,1.318,0.887,2.003,1.429,1.698,1.41,4.55,0.246,Gustatory,6.184,20,1.0
FROSTY,0.5,1.5,3.3,1.1,0.05,4.0,0.946,1.792,1.922,1.651,0.224,1.414,4.0,0.378,Visual,4.714,20,1.0
SWIM,2.15,0.55,3.3,1.7,0.9,3.3,1.725,1.276,1.75,1.838,1.252,1.658,3.3,0.231,Haptic,4.442,20,1.0
FILE FOLDER,0.4,0.0,3.3,0.05,0.0,4.5,0.681,0.0,1.867,0.224,0.0,0.761,4.5,0.545,Visual,5.028,20,1.0
CREDITCARD,0.25,0.0,3.3,0.4,0.0,3.55,0.55,0.0,1.689,1.188,0.0,1.731,3.55,0.473,Visual,4.322,20,1.0
HOUSECLEANING,1.55,0.3,3.3,0.35,2.35,3.8,1.791,1.129,1.625,1.137,1.755,1.152,3.8,0.3,Visual,4.756,20,0.952
TREMBLINGLY,0.6,0.0,3.3,3.95,0.0,2.95,1.231,0.0,1.689,1.468,0.0,1.877,3.95,0.366,Interoceptive,4.979,20,0.952
SMOOTHING,0.6,0.15,3.3,0.55,0.15,2.85,0.995,0.489,2.055,1.234,0.489,1.981,3.3,0.414,Haptic,3.903,20,1.0
THIN,0.25,0.1,3.3,0.3,0.05,3.65,0.639,0.447,1.838,0.657,0.224,1.785,3.65,0.471,Visual,4.39,20,1.0
MOUSEPAD,0.3,0.1,3.3,0.25,0.15,3.55,0.733,0.447,1.455,0.786,0.489,1.468,3.55,0.451,Visual,4.322,20,1.0
CACTI,0.351,0.486,3.297,0.459,0.541,3.919,1.06,1.239,1.942,1.07,1.145,1.552,3.919,0.394,Visual,4.586,37,0.902
ABDOMEN,0.588,0.235,3.294,2.353,0.235,3.647,1.372,0.97,1.649,2.234,0.97,2.029,3.647,0.33,Visual,4.603,17,1.0
MOTOR VEHICLE,3.765,0.118,3.294,0.412,1.0,4.235,1.678,0.485,1.896,0.795,1.118,1.437,4.235,0.321,Visual,5.497,17,1.0
DOLLAR,0.294,0.0,3.294,0.294,0.588,4.0,0.588,0.0,2.085,0.686,1.004,1.696,4.0,0.472,Visual,4.642,17,1.0
MAGNET,0.059,0.0,3.294,0.471,0.0,4.118,0.243,0.0,1.759,1.068,0.0,1.364,4.118,0.519,Visual,4.728,17,1.0
CALFSKIN,0.588,0.0,3.294,0.529,1.353,3.706,1.064,0.0,2.054,1.231,1.618,1.929,3.706,0.391,Visual,4.473,17,0.895
BAREHANDED,0.471,0.0,3.294,0.647,0.0,3.147,1.107,0.0,1.851,1.535,0.0,1.828,3.294,0.436,Haptic,4.067,34,0.971
SHEARS,1.824,0.0,3.294,0.118,0.059,3.882,1.551,0.0,1.724,0.332,0.243,1.317,3.882,0.423,Visual,4.647,17,1.0
SUDSY,0.529,0.176,3.294,0.412,0.647,4.059,0.943,0.728,1.961,1.004,1.222,1.391,4.059,0.426,Visual,4.689,17,0.944
INTIMACY,2.765,0.471,3.294,3.059,0.471,3.294,2.078,1.375,1.863,1.886,1.375,2.144,3.294,0.211,Visual,4.952,17,1.0
BUTTONS,0.412,0.0,3.294,0.118,0.0,4.118,1.064,0.0,1.896,0.332,0.0,1.691,4.118,0.519,Visual,4.727,17,1.0
WOOLLY,0.176,0.059,3.294,0.235,0.471,2.588,0.728,0.243,1.759,0.562,0.874,1.805,3.294,0.474,Haptic,3.761,17,0.895
SNAKEBITE,0.412,0.235,3.294,3.353,0.294,3.118,1.004,0.664,2.054,1.693,0.686,1.654,3.353,0.291,Interoceptive,4.7,17,1.0
BOTTLE OPENER,1.529,0.0,3.294,0.176,0.176,4.412,1.972,0.0,1.759,0.728,0.529,0.87,4.412,0.46,Visual,5.003,17,1.0
DEW,0.176,0.529,3.294,0.412,0.882,3.882,0.728,1.328,1.359,1.064,1.495,1.764,3.882,0.404,Visual,4.566,17,0.944
BENDABLE,0.471,0.0,3.294,0.588,0.059,3.176,0.874,0.0,1.759,1.176,0.243,1.811,3.294,0.434,Haptic,4.084,17,1.0
CARTON,0.471,0.412,3.294,0.176,0.353,4.176,1.068,1.004,1.611,0.728,0.702,1.237,4.176,0.45,Visual,4.774,17,1.0
CRUMPLE,3.294,0.0,3.294,0.059,0.0,4.0,1.611,0.0,1.724,0.243,0.0,1.061,4.0,0.376,Visual,5.136,17,1.0
OCEAN,3.647,1.206,3.294,1.059,3.147,4.294,1.593,1.629,1.867,1.594,1.708,1.315,4.294,0.194,Visual,5.824,34,1.0
GREASILY,0.588,2.765,3.294,1.176,1.941,2.706,1.004,1.602,1.929,1.185,1.478,1.49,3.294,0.217,Haptic,4.411,17,0.944
SKIN RASH,0.118,0.118,3.294,2.176,0.294,4.176,0.485,0.485,1.532,1.776,0.686,1.131,4.176,0.399,Visual,4.918,17,1.0
TROUSERS,0.235,0.0,3.294,0.412,0.059,4.0,0.437,0.0,1.49,0.87,0.243,1.173,4.0,0.5,Visual,4.639,17,1.0
STRADDLE,0.353,0.059,3.294,1.294,0.059,2.471,0.996,0.243,1.829,1.649,0.243,1.663,3.294,0.43,Haptic,3.757,17,0.944
ROCKINGCHAIR,1.882,0.0,3.294,1.176,0.353,3.941,1.616,0.0,1.759,1.59,0.702,1.088,3.941,0.37,Visual,4.722,17,1.0
BROKEN,2.059,0.294,3.294,1.412,0.353,4.471,1.886,1.213,1.532,1.938,1.222,0.717,4.471,0.351,Visual,5.151,17,1.0
BODY STOCKING,0.765,0.294,3.294,0.471,0.471,3.882,1.522,1.213,2.054,1.375,1.281,1.996,3.882,0.391,Visual,4.562,17,0.944
ABRASION,0.706,0.176,3.294,1.647,0.0,2.412,1.404,0.728,1.929,2.029,0.0,2.093,3.294,0.4,Haptic,3.794,17,0.944
BROOCH,0.529,0.059,3.294,0.118,0.235,4.118,1.281,0.243,1.611,0.332,0.664,1.453,4.118,0.486,Visual,4.729,17,0.895
PENETRATION,1.0,0.412,3.294,3.412,0.353,3.706,1.414,1.004,1.896,1.583,0.702,1.49,3.706,0.275,Visual,5.033,17,0.944
BULKINESS,0.118,0.059,3.294,0.706,0.059,3.824,0.332,0.243,1.896,1.312,0.243,1.551,3.824,0.467,Visual,4.514,17,1.0
BOARD,0.647,0.0,3.294,0.059,0.353,4.294,1.169,0.0,2.054,0.243,0.702,1.448,4.294,0.497,Visual,4.866,17,1.0
TILE,0.235,0.0,3.294,0.294,0.0,4.176,0.752,0.0,1.829,0.849,0.0,1.38,4.176,0.522,Visual,4.771,17,1.0
WALLOP,1.167,0.042,3.292,1.833,0.042,2.708,1.523,0.204,2.032,2.036,0.204,2.032,3.292,0.358,Haptic,3.985,24,0.727
UNBUTTON,0.419,0.032,3.29,0.097,0.032,3.097,0.765,0.18,1.596,0.396,0.18,1.832,3.29,0.468,Haptic,4.029,31,0.969
NAIL CLIPPERS,1.632,0.0,3.289,0.289,0.0,3.763,1.601,0.0,1.642,0.732,0.0,1.478,3.763,0.419,Visual,4.535,38,1.0
KINKINESS,2.786,0.357,3.286,3.643,0.357,4.214,1.888,0.745,2.016,1.55,0.842,1.122,4.214,0.263,Visual,5.65,14,0.933
DEEP FREEZE,0.429,0.0,3.286,1.381,0.0,2.905,0.87,0.0,1.454,1.717,0.0,1.895,3.286,0.411,Haptic,3.973,21,1.0
STEPLADDER,0.667,0.095,3.286,0.19,0.095,4.429,0.966,0.436,1.953,0.68,0.436,1.121,4.429,0.495,Visual,4.968,21,1.0
LEATHERJACKET,0.905,0.286,3.286,0.333,1.619,3.857,1.513,0.784,1.454,1.111,1.687,1.682,3.857,0.347,Visual,4.609,21,1.0
UPHOLSTERY,0.143,0.0,3.286,0.143,0.381,3.857,0.359,0.0,1.953,0.359,0.669,1.682,3.857,0.494,Visual,4.529,21,1.0
PLIABILITY,0.357,0.071,3.286,0.714,0.071,2.286,0.745,0.267,1.637,1.204,0.267,1.541,3.286,0.474,Haptic,3.63,14,0.875
MATTING,0.571,0.357,3.286,0.5,0.5,3.143,1.505,1.336,2.054,1.401,1.401,1.994,3.286,0.35,Haptic,4.062,14,0.778
STRETCHABLE,0.667,0.026,3.282,0.641,0.103,3.385,1.284,0.16,1.654,1.513,0.502,1.648,3.385,0.415,Visual,4.211,39,1.0
DESKTOP,0.535,0.14,3.279,0.302,0.233,3.837,1.222,0.639,1.906,0.773,0.571,1.703,3.837,0.444,Visual,4.514,43,1.0
WEIGHTLIFTING,1.056,0.056,3.278,2.167,0.556,3.444,1.11,0.236,1.994,2.121,1.097,1.464,3.444,0.321,Visual,4.441,18,1.0
KNIT,0.167,0.111,3.278,0.222,0.056,3.389,0.383,0.471,1.526,0.732,0.236,1.883,3.389,0.462,Visual,4.201,18,1.0
RIFLE,3.556,0.222,3.278,1.056,1.167,4.0,1.504,0.548,1.776,1.434,1.465,1.414,4.0,0.285,Visual,5.277,18,0.947
BARB,0.722,0.167,3.278,0.5,0.0,2.556,1.32,0.514,1.841,1.043,0.0,1.688,3.278,0.454,Haptic,3.742,18,0.9
LEGO,0.944,0.167,3.278,0.611,0.444,3.611,1.349,0.707,1.447,1.29,1.149,1.378,3.611,0.38,Visual,4.37,18,1.0
FLIP FLOPS,2.0,0.0,3.278,0.389,0.167,3.944,2.029,0.0,1.904,0.979,0.514,1.662,3.944,0.403,Visual,4.712,18,1.0
BISCUIT,0.278,4.556,3.278,0.944,3.5,4.222,0.752,0.856,1.708,1.514,1.425,1.309,4.556,0.255,Gustatory,6.289,18,1.0
CUCUMBER,0.389,4.611,3.278,0.889,3.222,4.056,1.195,0.608,1.526,1.605,1.592,1.305,4.611,0.257,Gustatory,6.164,18,1.0
SLIP,1.611,0.0,3.278,2.111,0.056,3.889,1.614,0.0,1.934,1.997,0.236,1.779,3.889,0.355,Visual,4.757,18,1.0
PULSATE,1.278,0.167,3.278,2.833,0.167,2.722,1.487,0.514,1.565,1.724,0.707,1.602,3.278,0.298,Haptic,4.313,18,0.947
WATER JUG,0.611,1.167,3.278,0.5,0.389,4.5,1.335,1.886,1.873,1.465,1.195,0.985,4.5,0.394,Visual,5.044,18,1.0
SAFECRACKING,2.472,0.056,3.278,0.889,0.139,2.972,2.21,0.333,2.092,1.41,0.593,2.091,3.278,0.329,Haptic,4.26,36,0.837
SALVE,0.222,0.056,3.278,0.444,0.889,2.944,0.943,0.236,2.024,0.922,1.183,2.1,3.278,0.411,Haptic,3.948,18,0.947
SCALD,0.889,0.333,3.278,1.389,0.556,1.444,1.605,0.84,1.841,1.914,1.042,1.653,3.278,0.373,Haptic,3.471,18,0.947
KITCHEN CABINET,1.333,0.222,3.278,0.389,0.333,4.278,1.749,0.943,1.638,0.979,0.84,1.447,4.278,0.412,Visual,4.877,18,1.0
CUT GLASS,1.167,0.0,3.278,0.333,0.056,4.056,1.618,0.0,1.841,1.188,0.236,1.434,4.056,0.456,Visual,4.696,18,1.0
CLEAVAGE,0.0,0.5,3.278,1.056,0.278,4.833,0.0,1.339,1.841,1.83,0.752,0.383,4.833,0.486,Visual,5.307,18,1.0
CARRIED,1.056,0.0,3.278,1.833,0.056,4.111,1.731,0.0,2.191,2.093,0.236,1.367,4.111,0.398,Visual,4.821,18,1.0
BELT,0.333,0.167,3.278,0.333,0.333,4.0,0.686,0.707,1.447,0.767,0.97,1.328,4.0,0.454,Visual,4.631,18,1.0
PAJAMA,0.167,0.0,3.278,0.722,0.444,3.444,0.514,0.0,1.904,1.32,1.042,1.58,3.444,0.428,Visual,4.246,18,1.0
WALNUT,0.722,4.389,3.278,0.5,1.722,4.167,1.32,1.145,1.873,1.339,1.364,1.043,4.389,0.263,Gustatory,5.826,18,1.0
UNLATCH,1.778,0.0,3.278,0.111,0.0,3.667,1.396,0.0,1.904,0.471,0.0,1.782,3.667,0.415,Visual,4.484,18,0.947
ANIMAL,3.444,1.111,3.278,0.333,2.056,4.556,1.688,1.53,1.742,1.029,1.697,0.705,4.556,0.286,Visual,5.654,18,1.0
LINGERIE,0.333,0.0,3.278,1.0,0.111,4.167,0.84,0.0,1.602,1.495,0.471,1.2,4.167,0.469,Visual,4.771,18,0.947
APPLE,0.778,4.833,3.278,0.278,2.556,4.056,1.114,0.383,1.776,0.461,1.79,1.589,4.833,0.289,Gustatory,6.145,18,1.0
VASE,0.333,0.0,3.278,0.167,0.167,4.167,0.686,0.0,1.742,0.707,0.383,1.425,4.167,0.514,Visual,4.756,18,1.0
INJURE,1.778,0.111,3.278,3.389,0.444,3.389,1.768,0.471,1.742,1.754,1.042,1.944,3.389,0.265,Interoceptive,4.915,18,1.0
COMIC BOOK,0.5,0.167,3.278,0.444,0.222,4.444,1.15,0.707,1.602,0.984,0.548,0.984,4.444,0.472,Visual,4.976,18,1.0
TABLEWARE,1.333,0.222,3.278,0.056,0.111,3.667,1.715,0.732,1.776,0.236,0.471,1.495,3.667,0.417,Visual,4.429,18,1.0
HARDEN,0.278,0.056,3.278,0.528,0.056,3.083,0.974,0.232,1.994,1.23,0.333,1.826,3.278,0.443,Haptic,4.014,36,1.0
CASH MACHINE,2.278,0.167,3.278,0.333,0.278,3.944,1.708,0.707,1.809,0.97,0.958,1.662,3.944,0.368,Visual,4.769,18,1.0
STICKING,1.333,0.611,3.278,0.556,0.278,3.389,1.815,1.614,1.965,1.464,1.179,1.72,3.389,0.329,Visual,4.253,18,1.0
CANNABIS,1.067,3.667,3.267,2.933,4.2,4.133,2.052,1.759,1.792,2.187,1.424,1.407,4.2,0.163,Olfactory,6.344,15,1.0
MUSHILY,0.6,1.6,3.267,1.133,0.2,1.933,1.056,2.23,2.086,1.598,0.775,2.086,3.267,0.351,Haptic,3.631,15,0.882
WALLET,0.067,0.133,3.267,0.133,0.667,3.6,0.258,0.516,1.534,0.516,1.113,1.92,3.6,0.449,Visual,4.341,15,1.0
MALLEABLE,0.933,0.333,3.267,1.0,0.2,2.6,1.1,0.724,1.668,1.604,0.561,1.765,3.267,0.368,Haptic,3.787,15,0.833
HEATLESS,0.0,0.067,3.267,2.267,0.067,0.333,0.0,0.258,2.017,2.219,0.258,0.617,3.267,0.544,Haptic,3.597,15,0.938
COTTONSEED,0.0,0.133,3.267,0.533,0.133,3.2,0.0,0.516,1.981,1.457,0.516,1.935,3.267,0.45,Haptic,4.077,15,0.882
SPONGING,1.267,0.2,3.267,0.6,0.0,3.667,1.751,0.775,1.87,0.986,0.0,1.113,3.667,0.407,Visual,4.421,15,0.789
IMMOVABLENESS,0.533,0.0,3.267,1.467,0.0,3.4,0.834,0.0,1.944,1.767,0.0,1.805,3.4,0.392,Visual,4.263,15,0.833
FLUTE,4.211,0.368,3.263,0.474,0.368,3.684,1.584,0.831,1.996,0.905,0.895,1.797,4.211,0.311,Auditory,5.424,19,1.0
SENSUALLY,2.316,1.105,3.263,3.579,1.368,3.053,1.887,1.823,1.821,1.61,1.77,1.779,3.579,0.168,Interoceptive,5.005,19,1.0
GRAVEL,2.737,0.158,3.263,0.211,0.316,4.263,1.661,0.501,1.727,0.918,1.003,0.933,4.263,0.375,Visual,5.102,19,1.0
DUMBBELL,0.579,0.0,3.263,0.579,0.053,3.316,1.261,0.0,1.759,1.121,0.229,1.668,3.316,0.426,Visual,4.152,19,1.0
PADDLE,1.421,0.105,3.263,0.684,0.263,2.947,1.575,0.315,1.821,1.293,0.933,2.121,3.263,0.364,Haptic,3.991,19,0.95
AIR CONDITIONING,2.684,0.105,3.263,2.368,0.316,2.0,1.635,0.459,1.727,2.114,0.582,2.0,3.263,0.294,Haptic,4.225,19,1.0
TISSUE,0.316,0.105,3.263,0.368,0.316,4.053,0.671,0.459,1.628,1.116,0.582,1.129,4.053,0.469,Visual,4.663,19,1.0
LICK,1.579,2.842,3.263,1.474,0.789,3.316,1.865,2.192,1.79,1.954,1.751,1.668,3.316,0.19,Visual,4.669,19,1.0
TABLE,0.684,0.053,3.263,0.158,0.158,4.737,1.293,0.229,1.79,0.688,0.501,0.562,4.737,0.517,Visual,5.209,19,1.0
TIGHT,0.105,0.0,3.263,1.789,0.0,2.158,0.459,0.0,1.695,1.903,0.0,2.141,3.263,0.446,Haptic,3.697,19,1.0
FROZENNESS,0.368,0.947,3.263,2.474,0.263,3.579,0.831,1.129,1.593,2.091,0.452,1.575,3.579,0.304,Visual,4.589,19,1.0
FORNICATE,1.789,0.211,3.263,2.947,0.579,2.474,1.619,0.535,1.91,2.068,0.961,1.982,3.263,0.271,Haptic,4.334,19,1.0
LIP GLOSS,0.053,1.842,3.263,0.053,1.263,3.737,0.229,1.344,1.485,0.229,1.558,1.661,3.737,0.361,Visual,4.566,19,1.0
SEASHELL,1.474,0.053,3.263,0.263,1.105,4.0,1.837,0.229,1.968,1.147,1.792,1.599,4.0,0.389,Visual,4.692,19,0.95
TEAPOT,3.105,0.632,3.263,0.368,0.895,4.632,1.729,1.571,1.695,1.212,1.56,0.597,4.632,0.331,Visual,5.485,19,1.0
GENTLE,1.947,0.053,3.263,2.158,0.263,3.263,1.615,0.229,1.727,1.979,0.653,1.098,3.263,0.293,Visual,4.43,19,1.0
RICE PAPER,0.9,1.4,3.25,0.05,0.8,4.25,1.447,1.93,1.773,0.224,1.508,1.209,4.25,0.394,Visual,4.864,20,1.0
HATCHET,1.375,0.0,3.25,0.062,0.062,4.125,1.628,0.0,1.983,0.25,0.25,1.36,4.125,0.465,Visual,4.749,16,1.0
SHARPS,0.9,0.35,3.25,1.9,0.3,3.2,1.518,0.671,1.773,1.832,0.733,2.067,3.25,0.298,Haptic,4.213,20,0.952
PANTY,0.0,0.05,3.25,0.25,0.8,4.15,0.0,0.224,2.124,0.639,1.576,1.348,4.15,0.488,Visual,4.738,20,1.0
CHILLY,0.4,0.4,3.25,4.05,0.35,1.35,1.188,0.94,1.743,1.276,1.137,1.461,4.05,0.378,Interoceptive,4.693,20,1.0
UNSHACKLED,1.5,0.0,3.25,0.812,0.062,3.875,1.897,0.0,2.145,1.377,0.25,1.857,3.875,0.408,Visual,4.586,16,0.941
LATCHING,1.875,0.062,3.25,0.25,0.25,3.625,1.996,0.25,1.844,0.775,1.0,1.408,3.625,0.383,Visual,4.458,16,0.889
KNIFE BLADE,0.25,0.0,3.25,0.3,0.0,4.1,0.639,0.0,1.97,1.129,0.0,1.518,4.1,0.519,Visual,4.692,20,1.0
PACIFIER,1.143,1.143,3.25,0.786,0.536,3.786,1.799,1.604,1.777,1.641,1.138,1.686,3.786,0.305,Visual,4.518,28,1.0
BONER,0.286,0.071,3.25,3.5,0.0,3.464,1.084,0.378,2.012,1.934,0.0,1.856,3.5,0.331,Interoceptive,4.916,28,1.0
SCRAP METAL,1.75,0.15,3.25,0.1,0.35,3.55,1.803,0.366,1.682,0.308,0.587,1.731,3.55,0.377,Visual,4.388,20,1.0
DISMANTLE,1.812,0.0,3.25,0.188,0.0,3.875,1.223,0.0,1.612,0.544,0.0,1.668,3.875,0.425,Visual,4.618,16,0.941
KNEED,0.7,0.25,3.25,1.3,0.45,2.8,1.302,0.639,1.832,1.689,0.999,2.093,3.25,0.343,Haptic,3.891,20,0.87
ORGY,3.125,1.25,3.25,2.625,1.5,3.938,1.962,2.017,2.176,2.277,2.191,1.692,3.938,0.171,Visual,5.305,16,0.941
MARBLE,0.9,0.05,3.25,0.2,0.05,4.55,1.586,0.224,1.943,0.696,0.224,0.826,4.55,0.5,Visual,5.056,20,1.0
ERGONOMICS,0.5,0.0,3.25,1.625,0.0,2.5,1.317,0.0,2.082,2.029,0.0,2.066,3.25,0.413,Haptic,3.788,16,0.889
WAX,0.3,1.2,3.25,0.5,2.4,3.6,0.571,1.989,1.832,1.192,2.186,1.729,3.6,0.293,Visual,4.59,20,1.0
DREIDEL,1.25,0.0,3.25,0.0,0.0,4.333,1.815,0.0,1.603,0.0,0.0,1.497,4.333,0.491,Visual,4.9,12,0.75
POWDERING,0.562,0.5,3.25,0.188,1.188,3.875,1.094,0.894,1.238,0.75,1.515,1.36,3.875,0.386,Visual,4.555,16,0.889
TEPID,1.25,1.5,3.25,2.5,0.583,2.0,1.815,1.834,1.913,2.067,0.996,2.256,3.25,0.241,Haptic,3.989,12,0.667
BARRIER,0.625,0.0,3.25,0.375,0.0,4.312,1.258,0.0,1.653,1.258,0.0,1.078,4.312,0.504,Visual,4.861,16,1.0
BARSTOOL,0.35,0.0,3.25,0.05,0.15,3.85,0.933,0.0,1.585,0.224,0.489,1.565,3.85,0.503,Visual,4.505,20,1.0
PRIVATE PARTS,0.35,0.45,3.25,1.65,0.9,3.75,0.813,0.826,1.773,1.872,1.41,1.65,3.75,0.329,Visual,4.521,20,1.0
TIN CAN,1.85,0.35,3.25,0.1,0.55,4.2,1.663,0.587,1.943,0.308,0.826,1.576,4.2,0.398,Visual,4.862,20,1.0
SANDED,1.55,0.1,3.25,0.45,0.3,3.55,1.731,0.447,1.888,1.276,0.733,1.82,3.55,0.375,Visual,4.36,20,1.0
MOLAR,0.562,1.062,3.25,0.375,0.0,2.812,1.548,1.948,2.049,0.885,0.0,1.797,3.25,0.403,Haptic,3.871,16,1.0
BICYCLE,1.25,0.15,3.25,0.95,0.2,3.7,1.585,0.489,1.682,1.432,0.894,1.949,3.7,0.374,Visual,4.445,20,1.0
SOUVENIR,1.0,0.2,3.25,0.1,0.3,4.4,1.806,0.616,1.832,0.308,1.129,1.142,4.4,0.465,Visual,4.94,20,1.0
TELEPHONE,4.15,0.05,3.25,0.25,0.25,4.0,1.631,0.224,1.743,0.639,0.786,1.522,4.15,0.343,Auditory,5.538,20,1.0
LUXURIOUSLY,1.75,2.2,3.25,1.85,1.75,3.95,1.713,1.881,1.65,1.954,1.682,1.356,3.95,0.149,Visual,4.982,20,1.0
STICKS,1.438,0.125,3.25,0.188,0.375,4.625,1.548,0.342,1.342,0.544,0.719,0.719,4.625,0.45,Visual,5.146,16,1.0
BEACH CHAIR,0.312,0.0,3.25,0.625,0.375,4.062,0.793,0.0,1.77,1.025,0.806,1.34,4.062,0.471,Visual,4.668,16,1.0
CHEST,0.375,0.0,3.25,0.688,0.312,4.062,1.258,0.0,2.017,1.58,1.25,1.482,4.062,0.468,Visual,4.669,16,1.0
SLACKS,0.5,0.05,3.25,0.3,0.55,3.95,1.051,0.224,1.86,0.733,1.146,1.276,3.95,0.453,Visual,4.583,20,1.0
CARDIGAN,0.05,0.0,3.25,0.35,0.2,4.3,0.224,0.0,1.943,1.182,0.41,1.218,4.3,0.528,Visual,4.847,20,1.0
BRICK,0.364,0.0,3.242,0.121,0.182,4.091,0.603,0.0,1.458,0.545,0.465,1.466,4.091,0.511,Visual,4.682,33,1.0
DOGGY,3.238,0.238,3.238,0.571,2.381,4.095,1.921,1.091,2.143,1.028,2.061,1.786,4.095,0.28,Visual,5.317,21,0.955
CARBON PAPER,0.816,0.053,3.237,0.053,0.737,3.737,1.27,0.324,1.866,0.324,1.329,1.554,3.737,0.427,Visual,4.432,38,0.927
SHOVE,0.706,0.0,3.235,1.059,0.0,3.353,1.359,0.0,1.602,1.478,0.0,1.869,3.353,0.401,Visual,4.181,17,1.0
FELT-TIP PEN,0.706,0.059,3.235,0.059,0.471,3.824,1.213,0.243,1.888,0.243,0.874,1.51,3.824,0.451,Visual,4.485,17,1.0
CONCAVENESS,0.706,0.529,3.235,0.706,0.824,3.471,1.49,1.375,1.855,1.532,1.845,1.972,3.471,0.311,Visual,4.256,17,0.81
RUGGED,1.294,0.529,3.235,1.412,0.471,3.647,1.404,1.375,1.821,1.661,0.943,1.367,3.647,0.3,Visual,4.441,17,0.944
FELINE,3.235,0.118,3.235,0.588,1.294,4.294,1.715,0.485,1.715,1.502,1.532,1.49,4.294,0.327,Visual,5.305,17,1.0
SHELF,0.176,0.0,3.235,0.176,0.0,4.471,0.728,0.0,1.562,0.728,0.0,0.8,4.471,0.555,Visual,4.976,17,1.0
YO-YO,0.647,0.118,3.235,0.176,0.176,3.412,1.115,0.485,1.786,0.529,0.728,1.906,3.412,0.424,Visual,4.196,17,0.944
BREASTFEEDING,1.118,1.412,3.235,2.529,0.765,3.529,1.495,1.661,2.016,2.267,1.48,1.7,3.529,0.22,Visual,4.621,17,1.0
MUSKET,3.471,0.118,3.235,0.882,1.647,4.235,2.004,0.332,1.954,1.409,1.766,1.251,4.235,0.303,Visual,5.392,17,0.895
GRIMY,0.294,0.294,3.235,0.294,0.765,3.706,0.772,0.985,1.3,1.213,1.2,1.448,3.706,0.397,Visual,4.402,17,1.0
STEP STOOL,0.353,0.0,3.235,0.0,0.0,4.765,0.862,0.0,2.047,0.0,0.0,0.752,4.765,0.57,Visual,5.218,17,1.0
CORK,1.118,0.176,3.235,0.059,0.529,3.706,1.576,0.529,1.888,0.243,0.943,1.572,3.706,0.413,Visual,4.419,17,1.0
SPORTSWEAR,0.529,0.294,3.235,0.294,0.588,4.176,1.281,1.213,1.985,1.213,1.278,1.38,4.176,0.426,Visual,4.749,17,1.0
PUCK,1.706,0.059,3.235,0.0,0.118,4.294,1.649,0.243,1.985,0.0,0.485,1.404,4.294,0.456,Visual,4.905,17,0.944
UNPLUGGING,0.706,0.176,3.235,0.588,0.176,2.294,0.849,0.728,1.602,1.372,0.728,1.611,3.235,0.426,Haptic,3.596,17,0.944
MATING,2.353,1.765,3.235,3.353,1.882,3.529,1.869,1.888,1.985,1.902,1.965,1.736,3.529,0.109,Visual,5.201,17,0.944
FOOTSIE,0.529,0.059,3.235,0.824,0.059,2.647,1.179,0.243,1.715,1.237,0.243,1.935,3.235,0.432,Haptic,3.759,17,1.0
BOOGER,0.176,0.353,3.235,1.588,0.647,3.294,0.728,0.862,2.016,1.938,1.412,1.929,3.294,0.335,Visual,4.197,17,1.0
PUFFY,0.0,0.294,3.235,1.294,0.0,4.118,0.0,0.772,1.888,1.49,0.0,0.993,4.118,0.461,Visual,4.731,17,1.0
ELECTRONICS,2.647,0.0,3.235,0.0,0.235,4.471,2.029,0.0,2.107,0.0,0.664,1.007,4.471,0.422,Visual,5.214,17,1.0
HANDHOLD,0.588,0.647,3.235,1.647,0.529,3.0,1.064,1.412,2.078,1.455,1.068,1.696,3.235,0.28,Haptic,4.04,17,1.0
AFRO,0.235,0.059,3.235,0.059,0.235,4.412,0.752,0.243,1.522,0.243,0.562,0.87,4.412,0.529,Visual,4.929,17,1.0
CACTUS,0.294,0.824,3.235,0.412,0.529,4.353,1.213,1.38,1.64,1.278,1.231,1.115,4.353,0.421,Visual,4.893,17,1.0
EXFOLIATING,0.706,0.118,3.235,1.0,0.529,2.706,0.849,0.485,1.602,1.5,0.8,2.085,3.235,0.376,Haptic,3.807,17,0.895
WORLD,3.471,2.765,3.235,2.588,2.647,4.235,1.807,2.333,1.786,1.906,2.149,1.091,4.235,0.087,Visual,5.931,17,1.0
NUMB,0.412,0.353,3.235,3.235,0.059,0.294,1.228,0.996,1.602,2.107,0.243,1.213,3.235,0.419,Interoceptive,4.079,17,0.944
VEHICLE,3.412,0.706,3.235,1.588,1.529,4.294,1.622,1.687,1.985,2.063,1.772,1.312,4.294,0.243,Visual,5.437,17,1.0
PEARL,0.529,0.176,3.235,0.176,0.176,4.412,1.375,0.728,1.855,0.728,0.728,1.228,4.412,0.486,Visual,4.931,17,1.0
SEAMED,0.538,0.308,3.231,0.923,0.308,3.615,0.967,0.855,1.787,1.656,0.855,1.502,3.615,0.371,Visual,4.344,13,0.867
CATHETERIZE,0.846,0.0,3.231,2.0,0.231,2.769,1.214,0.0,1.363,1.414,0.599,1.739,3.231,0.356,Haptic,3.991,13,0.684
KEYPRESS,1.538,0.0,3.231,0.231,0.0,3.0,1.561,0.0,2.242,0.832,0.0,1.958,3.231,0.404,Haptic,4.008,13,0.867
FIRE,2.227,0.045,3.227,0.909,3.455,4.545,1.716,0.213,1.631,1.601,1.438,1.057,4.545,0.312,Visual,5.652,22,1.0
EPIDERMIS,0.484,0.226,3.226,1.226,0.645,3.548,1.363,0.92,2.077,1.82,1.33,1.895,3.548,0.355,Visual,4.317,31,0.912
STRUCK,2.5,0.0,3.222,1.889,0.056,3.611,1.79,0.0,1.927,2.166,0.236,1.685,3.611,0.32,Visual,4.686,18,0.947
INHALER,2.389,1.778,3.222,2.056,1.333,4.278,1.65,1.437,1.865,2.071,1.645,1.274,4.278,0.196,Visual,5.218,18,1.0
BOXER SHORTS,0.889,0.0,3.222,0.5,0.444,4.056,1.323,0.0,1.833,1.465,0.856,1.056,4.056,0.445,Visual,4.658,18,1.0
COFFEE TABLE,0.111,0.0,3.222,0.0,0.0,4.722,0.471,0.0,1.927,0.0,0.0,0.752,4.722,0.586,Visual,5.177,18,1.0
CYLINDER,0.5,0.056,3.222,0.056,0.056,4.333,1.043,0.236,1.734,0.236,0.236,1.085,4.333,0.52,Visual,4.862,18,1.0
KNIFE,0.667,0.278,3.222,0.278,0.0,4.5,1.372,1.179,1.801,1.179,0.0,0.924,4.5,0.503,Visual,4.999,18,1.0
JAWBONE,0.222,0.0,3.222,1.111,0.0,3.667,0.548,0.0,1.768,1.779,0.0,1.645,3.667,0.446,Visual,4.382,18,1.0
MUTT,3.167,0.278,3.222,0.389,1.889,4.333,1.724,1.179,1.7,1.243,1.967,1.029,4.333,0.305,Visual,5.353,18,0.947
OFFICE FURNITURE,0.167,0.222,3.222,0.222,0.278,4.167,0.514,0.943,1.517,0.548,0.461,1.249,4.167,0.483,Visual,4.73,18,1.0
CIGARETTE CASE,1.056,0.056,3.222,0.278,1.444,3.944,1.589,0.236,1.833,0.575,1.723,1.662,3.944,0.389,Visual,4.627,18,1.0
RACQUETBALL,2.889,0.056,3.222,0.778,0.222,4.556,1.844,0.236,2.016,1.263,0.732,1.199,4.556,0.384,Visual,5.344,18,0.947
SLEEP WITH,1.556,0.222,3.222,1.889,0.5,3.167,1.504,0.732,1.768,1.676,0.857,1.724,3.222,0.284,Haptic,4.233,18,1.0
RETHREAD,0.278,0.056,3.222,0.111,0.0,3.444,0.669,0.236,1.396,0.323,0.0,1.617,3.444,0.484,Visual,4.205,18,0.947
CHALKLIKE,0.944,1.556,3.222,0.444,1.0,3.278,1.862,2.064,2.016,1.338,1.97,1.994,3.278,0.271,Visual,4.205,18,1.0
CANOE,0.778,0.111,3.222,0.444,0.278,4.222,1.114,0.471,1.517,1.042,0.752,1.114,4.222,0.454,Visual,4.781,18,0.947
CLINGY,2.0,0.0,3.222,1.722,0.056,4.222,1.879,0.0,1.801,1.934,0.236,1.309,4.222,0.376,Visual,4.957,18,0.947
UNDERWATER,1.444,0.278,3.222,1.444,0.222,3.611,1.756,0.826,1.957,1.822,0.732,1.501,3.611,0.332,Visual,4.424,18,1.0
PHONEBOOK,0.556,0.278,3.222,0.444,0.5,4.111,1.338,1.179,1.957,1.338,1.249,1.41,4.111,0.421,Visual,4.693,18,1.0
HAMMOCK,0.611,0.056,3.222,1.167,0.056,3.722,1.195,0.236,1.517,1.383,0.236,1.742,3.722,0.415,Visual,4.428,18,1.0
FIRMLY,0.222,0.0,3.222,0.722,0.0,1.611,0.428,0.0,1.865,1.447,0.0,1.539,3.222,0.558,Haptic,3.363,18,1.0
BANJO,4.556,0.0,3.222,0.167,0.0,3.389,1.338,0.0,1.734,0.514,0.0,1.883,4.556,0.402,Auditory,5.506,18,1.0
ROUNDNESS,0.444,0.167,3.222,0.444,0.0,4.278,1.042,0.707,1.734,0.922,0.0,1.447,4.278,0.5,Visual,4.819,18,1.0
TAMPON,0.5,0.167,3.222,1.944,0.556,3.556,0.985,0.707,1.896,1.83,0.922,1.886,3.556,0.341,Visual,4.415,18,1.0
LIFE JACKET,0.389,0.0,3.222,0.444,0.222,4.056,0.916,0.0,1.7,1.042,0.428,1.305,4.056,0.487,Visual,4.646,18,1.0
UNCRUSHABLE,1.217,0.0,3.217,1.043,0.0,3.783,1.622,0.0,1.858,1.846,0.0,1.413,3.783,0.408,Visual,4.487,23,1.0
TABLETOP,0.435,0.0,3.217,0.13,0.087,4.565,1.121,0.0,1.976,0.626,0.288,1.037,4.565,0.541,Visual,5.047,23,1.0
WARTY,0.0,0.0,3.214,0.929,0.0,4.071,0.0,0.0,1.929,1.639,0.0,1.542,4.071,0.496,Visual,4.665,14,0.875
MOCCASIN,0.714,0.071,3.214,0.714,1.214,4.143,0.994,0.267,1.888,1.204,1.477,1.61,4.143,0.404,Visual,4.745,14,0.875
SATINWOOD,0.286,0.0,3.214,0.071,1.857,4.143,0.825,0.0,1.762,0.267,2.033,1.512,4.143,0.433,Visual,4.802,14,0.778
RETYING,0.071,0.071,3.214,0.143,0.071,3.0,0.267,0.267,2.082,0.363,0.267,2.32,3.214,0.478,Haptic,3.919,14,0.7
RAINDROP,3.424,1.03,3.212,0.364,1.273,4.152,1.437,1.794,1.799,1.141,1.719,1.326,4.152,0.282,Visual,5.29,33,1.0
ROOM TEMPERATURE,0.061,0.212,3.212,3.242,0.03,0.545,0.242,0.893,1.933,1.855,0.174,0.905,3.242,0.44,Interoceptive,4.07,33,0.971
WAND,0.474,0.158,3.211,0.526,0.263,4.053,1.02,0.688,1.903,1.219,0.933,1.545,4.053,0.448,Visual,4.64,19,1.0
TAP,2.947,0.158,3.211,1.368,0.0,2.684,2.041,0.688,1.932,1.832,0.0,1.827,3.211,0.31,Haptic,4.32,19,1.0
SHANK,0.842,0.316,3.211,1.105,0.211,3.474,1.302,0.82,2.299,1.823,0.535,1.926,3.474,0.356,Visual,4.254,19,0.95
FRIZZ,0.474,0.316,3.211,0.579,0.526,4.263,1.429,1.157,2.043,1.427,1.577,1.24,4.263,0.421,Visual,4.807,19,0.95
BELLY,1.158,0.421,3.211,1.211,0.105,4.105,1.642,1.017,1.548,1.813,0.315,1.449,4.105,0.392,Visual,4.728,19,1.0
JEAN,0.158,0.0,3.211,0.211,0.316,3.632,0.375,0.0,1.903,0.535,0.671,1.707,3.632,0.483,Visual,4.327,19,0.95
STEAK KNIFE,0.474,0.158,3.211,0.0,0.0,4.158,1.172,0.688,1.782,0.0,0.0,1.259,4.158,0.52,Visual,4.719,19,1.0
WOODWORK,1.368,0.263,3.211,0.263,1.105,4.211,1.739,1.147,1.903,1.147,1.487,1.548,4.211,0.379,Visual,4.816,19,1.0
FLEECE,0.158,0.0,3.211,0.158,0.211,2.842,0.688,0.0,2.016,0.501,0.419,2.007,3.211,0.488,Haptic,3.827,19,1.0
STEAM BATH,1.105,0.263,3.211,2.368,0.789,3.474,1.524,0.933,1.751,1.832,1.316,1.124,3.474,0.286,Visual,4.484,19,1.0
ERECT,0.526,0.0,3.211,2.211,0.0,4.421,1.429,0.0,1.96,1.932,0.0,0.838,4.421,0.426,Visual,5.072,19,1.0
BOWTIE,0.158,0.053,3.211,0.211,0.105,4.211,0.375,0.229,1.843,0.918,0.315,1.182,4.211,0.523,Visual,4.759,19,1.0
UNBUCKLE,2.421,0.211,3.211,0.842,0.105,3.526,1.805,0.631,1.843,1.344,0.315,1.611,3.526,0.332,Visual,4.51,19,1.0
MOISTEN,0.263,0.316,3.211,0.316,0.158,2.947,0.452,0.671,1.718,0.946,0.688,1.84,3.211,0.423,Haptic,3.888,19,1.0
AFFECTIONATELY,2.684,0.526,3.211,2.947,0.684,3.263,1.827,1.264,1.96,2.198,1.293,1.727,3.263,0.206,Visual,4.838,19,1.0
UNBENDABLE,0.263,0.0,3.211,0.526,0.0,2.789,0.733,0.0,1.988,1.264,0.0,2.275,3.211,0.473,Haptic,3.802,19,1.0
NOTEPAD,0.316,0.0,3.211,0.0,0.053,3.947,0.946,0.0,1.988,0.0,0.229,1.471,3.947,0.524,Visual,4.557,19,0.95
MUSCLED,0.474,0.0,3.211,1.263,0.0,4.421,1.429,0.0,1.96,1.695,0.0,1.071,4.421,0.472,Visual,4.955,19,0.95
POOL TABLE,1.158,0.053,3.211,0.053,0.421,4.474,1.772,0.229,2.123,0.229,1.121,1.172,4.474,0.472,Visual,4.99,19,1.0
EARPHONE,3.441,0.147,3.206,0.559,0.176,3.5,1.957,0.857,1.572,1.16,0.869,1.692,3.5,0.304,Visual,4.888,34,1.0
ABDOMINAL,0.933,0.2,3.2,2.733,0.2,3.8,1.668,0.775,1.897,2.052,0.775,1.265,3.8,0.325,Visual,4.775,15,0.938
SENSUOUSLY,1.133,1.0,3.2,2.133,0.867,2.067,1.846,1.773,1.897,2.232,1.846,1.831,3.2,0.224,Haptic,3.789,15,0.938
RUFFLE,1.867,0.133,3.2,0.6,0.0,2.933,2.066,0.516,1.656,1.121,0.0,1.944,3.2,0.366,Haptic,4.015,15,0.938
CRADLING,0.267,0.0,3.2,0.4,0.0,2.4,0.799,0.0,1.656,0.91,0.0,2.165,3.2,0.511,Haptic,3.6,15,0.938
EARTHY,0.867,1.933,3.2,1.067,2.933,3.733,1.506,2.052,1.897,1.58,1.87,1.534,3.733,0.209,Visual,4.921,15,1.0
LOCKET,0.45,0.05,3.2,0.2,0.05,4.15,0.686,0.224,2.016,0.894,0.224,1.461,4.15,0.506,Visual,4.708,20,0.952
BUNNY,1.6,0.5,3.2,0.3,1.1,4.6,1.847,1.235,1.765,0.923,1.553,0.94,4.6,0.381,Visual,5.139,20,1.0
GOOP,0.45,0.45,3.2,0.25,0.95,3.45,0.999,0.945,1.936,0.786,1.504,1.504,3.45,0.366,Visual,4.215,20,0.952
GOLF CLUB,0.7,0.1,3.2,0.45,0.3,3.35,1.342,0.308,1.936,1.146,0.979,1.755,3.35,0.401,Visual,4.137,20,1.0
SLUSHINESS,2.267,2.333,3.2,0.8,0.333,3.467,1.792,1.799,1.74,1.474,0.9,1.807,3.467,0.253,Visual,4.631,15,0.938
SOAPINESS,0.0,0.35,3.2,0.4,1.2,3.65,0.0,0.813,1.908,0.995,1.542,1.565,3.65,0.415,Visual,4.366,20,1.0
WET SUIT,0.35,0.05,3.2,0.75,0.4,3.45,0.671,0.224,1.852,1.372,0.681,1.638,3.45,0.415,Visual,4.205,20,1.0
FIBERGLASS,0.6,0.0,3.2,0.3,0.2,3.85,1.392,0.0,1.908,1.129,0.41,1.631,3.85,0.472,Visual,4.483,20,1.0
SODOMIZE,0.95,0.35,3.2,2.95,0.2,2.85,1.538,1.137,1.908,2.305,0.523,1.899,3.2,0.286,Haptic,4.353,20,0.952
NOSEBLEED,0.4,1.3,3.2,3.1,1.25,3.95,0.995,1.525,1.576,1.744,1.682,1.356,3.95,0.269,Visual,5.045,20,0.952
POCKETKNIFE,0.3,0.05,3.2,0.2,0.0,3.85,0.801,0.224,1.735,0.616,0.0,1.565,3.85,0.507,Visual,4.479,20,1.0
CIRCUMCISION,0.415,0.0,3.195,2.073,0.0,2.976,0.921,0.0,2.17,2.114,0.0,2.115,3.195,0.369,Haptic,4.081,41,1.0
DIME,0.714,0.0,3.19,0.095,0.0,3.714,1.419,0.0,1.965,0.436,0.0,1.821,3.714,0.481,Visual,4.381,21,1.0
HOUND DOG,3.286,0.19,3.19,0.048,1.667,4.333,1.793,0.68,1.887,0.218,1.88,1.278,4.333,0.337,Visual,5.36,21,1.0
PHONE,3.905,0.0,3.19,0.095,0.095,3.857,1.546,0.0,1.965,0.301,0.436,1.769,3.905,0.35,Auditory,5.306,21,1.0
AX,1.625,0.0,3.188,0.188,0.125,3.938,1.455,0.0,1.759,0.75,0.342,1.526,3.938,0.434,Visual,4.606,16,0.889
BRA,0.25,0.0,3.188,0.25,0.25,3.938,0.577,0.0,1.515,0.577,0.775,1.063,3.938,0.5,Visual,4.538,16,1.0
EDGE,0.938,0.312,3.188,0.812,0.188,4.25,1.731,1.014,1.834,1.559,0.544,1.125,4.25,0.419,Visual,4.799,16,1.0
EGG,0.875,4.062,3.188,0.25,2.938,3.562,1.544,1.731,2.04,0.577,1.769,1.788,4.062,0.256,Gustatory,5.547,16,0.941
REDWOOD,0.125,0.062,3.188,0.188,1.438,4.438,0.342,0.25,1.797,0.544,1.825,1.315,4.438,0.464,Visual,4.97,16,0.941
SHARD,0.5,0.062,3.188,0.812,0.062,3.125,0.816,0.25,1.559,1.515,0.25,1.821,3.188,0.403,Haptic,3.991,16,0.8
TENT,0.625,0.0,3.188,0.312,0.562,4.812,0.885,0.0,1.87,1.014,0.814,0.544,4.812,0.507,Visual,5.245,16,1.0
TAMPERPROOF,0.25,0.375,3.188,0.688,0.312,3.062,0.775,1.088,1.87,1.014,1.014,1.526,3.188,0.373,Haptic,3.948,16,0.941
ARTHRITIC,1.0,0.188,3.188,3.688,0.312,2.438,1.461,0.75,1.759,1.702,0.793,1.788,3.688,0.324,Interoceptive,4.611,16,0.889
RINSING,1.25,0.125,3.188,1.062,0.188,3.125,1.528,0.5,1.834,1.389,0.403,1.893,3.188,0.343,Haptic,4.043,16,1.0
BEER CAN,1.312,1.375,3.188,0.312,0.75,3.375,1.448,1.928,2.007,1.014,1.238,1.857,3.375,0.297,Visual,4.238,16,1.0
MITT,0.5,0.062,3.188,0.375,0.438,3.125,1.211,0.25,1.559,1.088,0.727,1.857,3.188,0.407,Haptic,3.983,16,0.941
STUBBLE,0.438,0.125,3.188,0.125,0.062,3.25,1.094,0.5,2.007,0.5,0.25,1.77,3.25,0.443,Visual,4.058,16,1.0
GOOSE BUMPS,0.062,0.0,3.188,3.062,0.0,2.938,0.25,0.0,1.682,2.016,0.0,1.482,3.188,0.345,Haptic,4.422,16,1.0
STRADDLING,0.062,0.0,3.188,1.125,0.188,2.812,0.25,0.0,1.94,1.857,0.75,2.167,3.188,0.432,Haptic,3.827,16,0.941
EARRING,0.182,0.0,3.182,0.591,0.0,4.409,0.501,0.0,1.842,1.221,0.0,1.182,4.409,0.527,Visual,4.907,22,1.0
DOUBLE BED,0.303,0.061,3.182,0.364,0.242,4.333,0.637,0.348,1.704,0.929,0.792,0.957,4.333,0.504,Visual,4.844,33,0.971
TIBIA,0.545,0.273,3.182,2.273,0.091,2.455,1.293,0.905,1.662,2.054,0.302,2.067,3.182,0.351,Haptic,3.891,11,0.733
COILING,0.545,0.0,3.182,0.818,0.0,4.455,0.522,0.0,1.601,1.601,0.0,0.688,4.455,0.495,Visual,4.95,11,0.688
PIGSKIN,0.235,1.471,3.176,0.588,1.647,4.0,0.562,1.94,2.069,1.326,1.801,1.414,4.0,0.339,Visual,4.701,17,1.0
ROPES,0.588,0.176,3.176,0.471,0.471,3.824,1.176,0.728,1.776,1.068,1.007,1.425,3.824,0.419,Visual,4.454,17,0.944
LIGHTNESS,1.471,1.118,3.176,1.941,0.647,2.706,1.94,1.764,2.038,2.135,1.412,2.257,3.176,0.229,Haptic,4.001,17,1.0
PAPER CLIP,0.471,0.176,3.176,0.353,0.176,3.882,1.007,0.529,1.845,1.222,0.728,1.317,3.882,0.45,Visual,4.493,17,1.0
STEERING,0.118,0.0,3.176,0.588,0.0,3.118,0.485,0.0,2.007,1.176,0.0,0.993,3.176,0.454,Haptic,3.97,17,1.0
NOZZLE,0.882,0.176,3.176,0.118,0.147,4.118,1.387,0.626,1.766,0.478,0.558,1.225,4.118,0.464,Visual,4.681,34,1.0
NONSOLID,0.882,0.588,3.176,0.235,0.529,3.588,1.453,1.176,2.243,0.752,1.068,1.97,3.588,0.373,Visual,4.296,17,1.0
NAPKIN RING,0.176,0.176,3.176,0.235,0.176,3.647,0.728,0.728,2.007,0.752,0.728,1.656,3.647,0.457,Visual,4.319,17,0.895
STRAIGHTJACKET,0.353,0.176,3.176,1.0,0.176,3.471,0.786,0.728,1.629,1.414,0.728,1.772,3.471,0.394,Visual,4.215,17,1.0
IMPREGNATE,0.647,0.235,3.176,2.941,0.294,2.294,1.367,0.752,1.912,2.221,0.985,1.929,3.176,0.307,Haptic,4.119,17,0.944
TYING,0.294,0.0,3.176,0.529,0.0,2.647,0.985,0.0,2.128,1.007,0.0,2.344,3.176,0.478,Haptic,3.703,17,1.0
HANDLING,0.824,0.471,3.176,0.529,0.176,3.353,1.185,1.068,1.912,1.007,0.529,1.801,3.353,0.372,Visual,4.132,17,1.0
UNGLOVED,0.412,0.235,3.176,0.765,0.176,3.882,1.004,0.752,1.912,1.437,0.728,1.111,3.882,0.429,Visual,4.5,17,1.0
GRAINY,0.235,0.765,3.176,0.176,0.059,3.706,0.97,1.3,1.944,0.728,0.243,1.724,3.706,0.449,Visual,4.369,17,0.944
FRESH FOOD,0.176,4.412,3.176,0.941,3.588,3.765,0.728,1.176,1.845,1.853,1.805,1.64,4.412,0.264,Gustatory,6.021,17,1.0
FORCEPS,0.529,0.0,3.176,0.294,0.059,3.824,1.179,0.0,1.741,0.849,0.243,1.551,3.824,0.485,Visual,4.45,17,0.895
ELASTICITY,0.647,0.294,3.176,0.529,0.353,3.059,1.412,1.213,1.879,1.375,1.222,1.713,3.176,0.358,Haptic,3.94,17,0.944
DESSERTSPOON,0.588,1.412,3.176,0.353,0.471,4.059,1.417,1.77,1.776,1.222,1.068,1.298,4.059,0.368,Visual,4.674,17,0.895
LUXURIOUS,1.529,1.588,3.176,1.588,1.294,4.0,1.505,1.698,1.704,2.002,1.49,1.173,4.0,0.205,Visual,4.789,17,1.0
CHAFE,1.0,0.118,3.176,2.235,0.353,2.353,1.414,0.485,2.069,2.107,0.862,1.693,3.176,0.331,Haptic,3.855,17,0.895
BIRDSEED,0.647,0.412,3.176,0.0,0.294,4.176,1.539,0.795,2.128,0.0,0.686,1.51,4.176,0.48,Visual,4.722,17,1.0
BONDAGE,1.294,0.0,3.176,1.0,0.059,3.647,1.649,0.0,2.099,1.732,0.243,1.902,3.647,0.397,Visual,4.375,17,0.944
CASHEW,0.471,4.706,3.176,0.353,1.824,4.059,1.125,0.588,1.776,1.057,1.667,1.478,4.706,0.298,Gustatory,5.938,17,1.0
TRINKET,1.167,0.056,3.167,0.0,0.111,4.056,1.618,0.236,1.823,0.0,0.471,1.349,4.056,0.474,Visual,4.642,18,1.0
SHINBONE,0.556,0.0,3.167,2.222,0.0,3.389,1.294,0.0,2.176,2.13,0.0,2.004,3.389,0.363,Visual,4.341,18,0.947
HOODIE,0.389,0.222,3.167,0.5,0.444,4.278,1.037,0.732,2.065,1.2,1.294,1.018,4.278,0.451,Visual,4.796,18,1.0
RECLINER,0.611,0.278,3.167,1.111,0.5,4.056,1.501,1.179,1.855,1.779,1.465,1.162,4.056,0.389,Visual,4.645,18,1.0
PASTRY,0.167,4.556,3.167,1.444,4.278,4.111,0.514,1.199,1.689,1.653,0.895,0.963,4.556,0.248,Gustatory,6.519,18,1.0
DIGGING,1.944,0.111,3.167,0.778,0.556,3.944,2.071,0.471,1.855,1.396,1.042,1.589,3.944,0.365,Visual,4.659,18,1.0
NECKPIECE,0.222,0.0,3.167,0.5,0.0,3.611,0.732,0.0,2.093,1.2,0.0,1.883,3.611,0.481,Visual,4.29,18,0.9
BALLOON,1.389,0.222,3.167,0.222,0.444,4.222,1.787,0.732,1.79,0.732,0.922,1.353,4.222,0.414,Visual,4.789,18,1.0
BALDNESS,0.333,0.0,3.167,0.333,0.333,4.444,1.029,0.0,1.948,0.686,0.97,1.042,4.444,0.516,Visual,4.928,18,1.0
RING,1.5,0.0,3.167,0.167,0.0,4.111,1.886,0.0,1.917,0.707,0.0,1.278,4.111,0.46,Visual,4.712,18,1.0
SEA,3.056,1.556,3.167,0.944,2.722,4.0,1.731,1.294,1.654,1.392,1.406,1.534,4.0,0.198,Visual,5.302,18,1.0
CUFFLINK,0.778,0.056,3.167,0.222,0.111,3.667,1.166,0.236,2.065,0.548,0.323,1.879,3.667,0.451,Visual,4.336,18,1.0
DURABLY,0.667,0.0,3.167,0.278,0.111,3.333,0.767,0.0,1.724,0.461,0.323,1.572,3.333,0.441,Visual,4.104,18,0.947
WATER SKIING,2.611,0.556,3.167,2.0,0.778,4.444,2.033,1.464,1.724,2.029,1.003,0.784,4.444,0.287,Visual,5.266,18,1.0
TONGUING,0.417,1.542,3.167,1.583,0.167,2.292,1.1,1.888,1.971,1.792,0.482,2.095,3.167,0.327,Haptic,3.721,24,0.96
RAILING,0.556,0.222,3.167,0.5,0.167,3.667,1.149,0.732,1.689,0.985,0.707,1.68,3.667,0.423,Visual,4.333,18,1.0
LEGGING,0.667,0.278,3.167,0.5,0.278,3.556,1.645,1.179,1.823,1.465,1.179,1.58,3.556,0.388,Visual,4.257,18,1.0
HARD-BOILED EGG,0.333,4.333,3.167,0.444,2.5,4.056,0.767,1.414,1.855,1.247,1.79,1.514,4.333,0.27,Gustatory,5.805,18,1.0
BOOTIE,0.667,0.278,3.167,0.556,0.278,4.111,1.372,0.826,1.823,1.617,0.752,1.231,4.111,0.423,Visual,4.668,18,0.9
THROAT,1.0,0.5,3.167,2.722,0.389,3.389,1.609,1.249,1.543,1.873,1.195,1.852,3.389,0.269,Visual,4.515,18,1.0
ROUGHLY,0.944,0.222,3.167,1.056,0.056,2.722,1.211,0.647,1.917,1.626,0.236,1.742,3.167,0.381,Haptic,3.779,18,1.0
UNDERPANTS,0.333,0.167,3.167,0.722,0.611,4.111,0.686,0.383,1.618,1.227,0.778,0.758,4.111,0.433,Visual,4.671,18,1.0
FOAM RUBBER,1.0,0.167,3.167,0.333,0.667,3.667,1.372,0.707,1.543,0.686,0.767,1.188,3.667,0.389,Visual,4.351,18,1.0
PING-PONG BALL,2.389,0.0,3.167,0.0,0.056,4.0,1.944,0.0,1.948,0.0,0.236,1.749,4.0,0.416,Visual,4.783,18,1.0
HAND PUMP,1.389,0.056,3.167,0.278,0.0,2.778,1.577,0.236,1.948,0.752,0.0,2.074,3.167,0.413,Haptic,3.823,18,1.0
LUSTY,2.167,0.778,3.167,4.444,1.167,3.944,1.823,1.309,1.917,1.247,1.339,1.162,4.444,0.234,Interoceptive,5.78,18,0.857
YOURSELF,3.389,1.111,3.167,3.556,2.222,3.667,1.65,1.906,2.007,1.854,2.045,1.372,3.667,0.149,Visual,5.617,18,1.0
CROCKERY,1.0,0.25,3.167,0.333,0.333,4.0,1.414,0.866,1.697,0.778,0.888,1.537,4.0,0.413,Visual,4.592,12,0.667
FRIGID,0.278,0.278,3.167,3.167,0.0,2.056,0.669,0.575,1.948,1.978,0.0,1.955,3.167,0.354,Interoceptive,4.165,18,1.0
EROTIC,2.556,1.361,3.167,3.806,1.611,3.722,1.748,1.57,1.732,1.451,1.777,1.386,3.806,0.151,Interoceptive,5.449,36,1.0
BOUND,0.611,0.0,3.167,1.111,0.111,2.0,1.29,0.0,1.425,1.568,0.323,1.749,3.167,0.452,Haptic,3.458,18,1.0
STERLING,0.833,0.333,3.167,0.417,0.5,4.083,1.528,0.651,1.992,0.996,0.905,1.443,4.083,0.402,Visual,4.652,12,0.667
KNICKERS,0.222,0.0,3.167,0.222,0.5,4.389,0.548,0.0,1.654,0.732,1.043,1.195,4.389,0.516,Visual,4.883,18,1.0
WRITE,1.116,0.279,3.163,1.186,0.256,3.651,1.636,1.054,1.772,1.763,0.875,1.771,3.651,0.352,Visual,4.369,43,1.0
NOTEPAPER,0.632,0.0,3.158,0.053,0.263,3.842,0.831,0.0,1.425,0.229,0.733,1.463,3.842,0.483,Visual,4.456,19,1.0
CLOTHESPIN,0.263,0.105,3.158,0.053,0.211,3.684,0.562,0.315,1.893,0.229,0.713,1.529,3.684,0.486,Visual,4.336,19,0.905
POCKET,0.316,0.0,3.158,0.211,0.0,4.105,0.946,0.0,1.708,0.713,0.0,1.15,4.105,0.527,Visual,4.653,19,1.0
NOTCHED,0.684,0.105,3.158,0.158,0.105,4.263,1.25,0.459,2.007,0.688,0.459,1.284,4.263,0.491,Visual,4.781,19,1.0
HUGGABLE,0.579,0.105,3.158,1.526,0.368,3.842,1.071,0.459,2.167,1.611,0.684,1.573,3.842,0.39,Visual,4.515,19,0.95
PIN,0.895,0.053,3.158,0.526,0.053,4.053,1.243,0.229,1.708,1.124,0.229,1.311,4.053,0.458,Visual,4.625,19,1.0
KNITWORK,0.263,0.0,3.158,0.158,0.0,3.947,0.733,0.0,1.537,0.501,0.0,1.268,3.947,0.524,Visual,4.531,19,0.905
SANDBAG,0.737,0.263,3.158,0.263,0.316,3.368,1.327,1.147,1.922,1.147,1.157,1.95,3.368,0.383,Visual,4.125,19,1.0
BOYFRIEND,3.053,0.789,3.158,1.421,1.632,3.579,1.957,1.512,2.007,1.953,1.921,1.742,3.579,0.205,Visual,4.841,19,1.0
KNUCKLES,1.0,0.263,3.158,0.789,0.263,3.421,1.795,1.147,2.035,1.584,1.147,2.116,3.421,0.355,Visual,4.18,19,1.0
BREAST IMPLANT,0.421,0.158,3.158,1.368,0.105,4.263,1.216,0.688,1.979,1.739,0.315,1.24,4.263,0.439,Visual,4.815,19,1.0
PANTIES,0.579,0.316,3.158,0.842,1.316,4.421,1.261,1.157,1.834,1.608,1.857,0.838,4.421,0.386,Visual,4.946,19,1.0
SEPARATING,1.684,0.368,3.158,0.895,0.105,3.737,1.565,0.955,1.608,1.329,0.459,1.447,3.737,0.365,Visual,4.468,19,1.0
FOOTBALL,2.737,0.158,3.158,0.211,0.632,4.579,1.695,0.501,1.803,0.535,1.116,0.607,4.579,0.385,Visual,5.293,19,1.0
UMBRELLA,1.053,0.0,3.158,0.368,0.053,4.684,1.58,0.0,1.834,0.955,0.229,0.749,4.684,0.503,Visual,5.136,19,1.0
BABY CARRIAGE,1.895,0.105,3.158,0.105,0.421,4.684,1.761,0.459,1.642,0.459,1.017,0.749,4.684,0.442,Visual,5.207,19,1.0
UNPEELED,0.263,1.0,3.158,0.421,0.737,3.842,0.562,1.528,1.893,1.121,0.991,1.5,3.842,0.38,Visual,4.476,19,1.0
TEST TUBE,0.105,0.105,3.158,0.105,0.211,4.0,0.315,0.315,2.167,0.459,0.535,1.764,4.0,0.507,Visual,4.571,19,1.0
BELLYBUTTON,0.0,0.0,3.158,0.526,0.263,3.579,0.0,0.0,1.573,1.264,0.562,1.924,3.579,0.476,Visual,4.263,19,1.0
EMBROIDERY,0.579,0.105,3.158,0.526,0.368,4.316,1.17,0.459,1.922,1.307,1.012,1.003,4.316,0.465,Visual,4.824,19,0.95
STEPSTOOL,0.158,0.053,3.158,0.053,0.053,3.868,0.594,0.324,1.701,0.324,0.324,1.597,3.868,0.52,Visual,4.471,38,0.927
RAINWEAR,0.842,0.105,3.158,0.105,0.632,3.684,1.463,0.459,1.708,0.459,1.3,1.797,3.684,0.42,Visual,4.351,19,0.95
FRYING PAN,1.737,0.211,3.158,0.263,0.895,4.0,1.851,0.918,1.772,0.733,1.595,1.291,4.0,0.369,Visual,4.664,19,1.0
CEMENT,0.421,0.105,3.158,0.105,1.0,4.263,0.692,0.459,1.803,0.459,1.599,1.098,4.263,0.459,Visual,4.792,19,1.0
CERAMIC,0.526,0.0,3.158,0.0,0.579,3.789,1.307,0.0,1.642,0.0,1.216,1.357,3.789,0.471,Visual,4.418,19,1.0
POCKMARK,0.154,0.154,3.154,0.385,0.154,4.692,0.555,0.555,1.676,0.768,0.555,0.63,4.692,0.522,Visual,5.127,13,0.684
COITUS,2.462,0.538,3.154,3.385,1.077,3.077,1.613,0.877,2.267,1.609,1.256,1.754,3.385,0.208,Interoceptive,4.871,13,0.722
FLACCIDLY,0.615,0.154,3.154,1.846,0.0,3.769,1.446,0.555,1.819,1.772,0.0,1.922,3.769,0.395,Visual,4.505,13,0.722
FOOTBALL HELMET,0.846,0.154,3.154,0.385,0.615,4.038,1.287,0.784,1.87,1.023,0.941,1.536,4.038,0.423,Visual,4.613,26,1.0
RIBBED,1.154,0.077,3.154,1.154,0.0,2.923,1.864,0.277,2.267,1.519,0.0,2.465,3.154,0.373,Haptic,3.902,13,0.929
GRITTINESS,1.636,1.455,3.152,1.242,0.485,3.0,1.884,1.804,1.955,1.838,1.326,1.785,3.152,0.243,Haptic,4.077,33,1.0
BELONGINGS,1.05,0.55,3.15,0.9,1.0,3.95,1.849,1.538,1.954,1.619,1.622,1.572,3.95,0.321,Visual,4.578,20,1.0
CURRENCY,0.55,0.05,3.15,0.3,0.4,3.9,0.826,0.224,2.159,0.801,0.995,1.483,3.9,0.461,Visual,4.495,20,1.0
CARD,0.7,0.0,3.15,0.15,0.05,4.2,1.218,0.0,1.599,0.671,0.224,1.105,4.2,0.509,Visual,4.728,20,1.0
TWEEZER,0.35,0.0,3.15,0.05,0.0,3.95,0.745,0.0,2.059,0.224,0.0,1.432,3.95,0.527,Visual,4.529,20,1.0
BROOMSTICK,0.7,0.0,3.15,0.0,0.0,3.75,1.342,0.0,1.872,0.0,0.0,1.773,3.75,0.493,Visual,4.385,20,1.0
NUZZLE,0.3,0.15,3.15,0.4,0.05,2.45,0.657,0.489,1.694,0.883,0.224,1.905,3.15,0.477,Haptic,3.585,20,0.952
FUTON,0.45,0.15,3.15,0.45,0.25,3.7,0.887,0.671,1.565,1.05,0.716,1.559,3.7,0.436,Visual,4.346,20,1.0
CRISP,2.2,2.4,3.15,0.8,0.7,1.95,1.989,1.984,1.843,1.24,1.418,1.849,3.15,0.219,Haptic,4.0,20,1.0
GENITAL,0.35,0.75,3.15,1.6,1.25,3.35,0.933,1.618,2.11,2.088,1.832,1.954,3.35,0.287,Visual,4.224,20,1.0
TWIG,0.8,0.0,3.15,0.05,0.85,4.2,1.322,0.0,1.954,0.224,1.663,1.436,4.2,0.464,Visual,4.74,20,1.0
LIP BALM,0.265,2.559,3.147,0.5,2.147,3.647,0.994,1.812,2.017,1.052,1.828,1.649,3.647,0.276,Visual,4.74,34,1.0
LICKING,0.618,3.618,3.147,1.912,0.588,2.353,1.155,1.985,2.134,2.021,1.131,1.873,3.618,0.248,Gustatory,4.626,34,0.971
COUPLING,1.0,0.143,3.143,1.143,0.5,3.643,1.468,0.363,1.994,1.703,1.345,1.737,3.643,0.366,Visual,4.345,14,0.824
THINGAMAJIG,2.0,0.929,3.143,0.857,0.929,3.929,1.664,1.73,1.791,1.562,1.73,1.328,3.929,0.261,Visual,4.671,14,0.778
PUFFBALL,0.286,0.714,3.143,0.429,0.429,4.143,0.784,1.586,1.769,1.207,1.165,1.389,4.143,0.422,Visual,4.683,21,1.0
POCKET CALCULATOR,0.686,0.0,3.143,0.171,0.029,4.114,1.183,0.0,1.785,0.747,0.169,1.491,4.114,0.505,Visual,4.657,35,1.0
AMBIDEXTROUSLY,0.643,0.357,3.143,1.714,0.357,3.071,1.499,1.336,1.834,1.773,1.336,2.093,3.143,0.3,Haptic,4.029,14,0.824
COLD SNAP,0.643,0.071,3.143,2.643,0.286,2.214,0.842,0.267,1.875,1.946,0.469,1.805,3.143,0.341,Haptic,3.929,14,0.875
BUTCHER KNIFE,0.667,0.0,3.143,0.048,0.0,4.048,1.197,0.0,1.931,0.218,0.0,1.161,4.048,0.512,Visual,4.605,21,1.0
PLIANT,0.929,0.071,3.143,0.429,0.071,3.286,1.385,0.267,2.349,0.756,0.267,2.016,3.286,0.405,Visual,4.07,14,0.875
CHIFFON,0.571,0.429,3.143,0.071,0.0,3.286,1.089,1.342,2.248,0.267,0.0,2.016,3.286,0.438,Visual,4.057,14,0.778
CHRISTMASTREE,0.545,0.182,3.136,0.545,3.318,4.5,1.101,0.664,1.781,1.224,1.836,0.964,4.5,0.353,Visual,5.416,22,1.0
ID CARD,0.045,0.0,3.136,0.091,0.045,4.545,0.213,0.0,1.885,0.426,0.213,1.143,4.545,0.578,Visual,4.997,22,1.0
SWOLLEN,0.467,0.0,3.133,3.2,0.0,3.333,0.915,0.0,1.767,1.821,0.0,1.676,3.333,0.329,Visual,4.652,15,0.938
TERRIER,3.533,0.0,3.133,0.333,2.0,4.267,1.06,0.0,1.642,0.816,1.464,0.884,4.267,0.322,Visual,5.435,15,0.938
SWITCHBLADE,1.0,0.067,3.133,1.333,0.067,3.933,1.309,0.258,1.846,1.877,0.258,1.28,3.933,0.406,Visual,4.563,15,1.0
CIGAR BOX,0.6,0.6,3.133,0.467,2.933,4.067,1.121,1.183,1.685,1.06,1.792,1.751,4.067,0.305,Visual,4.984,15,1.0
SUBMERSE,1.333,0.133,3.133,1.533,0.333,3.867,1.799,0.516,1.457,1.922,1.047,1.407,3.867,0.361,Visual,4.556,15,0.882
ETCHING,0.533,0.133,3.133,0.2,0.133,3.667,1.125,0.516,1.846,0.561,0.516,1.397,3.667,0.453,Visual,4.313,15,0.882
STRING,0.4,0.133,3.133,0.2,0.133,3.4,0.91,0.516,1.995,0.775,0.516,1.957,3.4,0.441,Visual,4.124,15,1.0
VULVA,0.133,0.667,3.133,1.667,0.933,3.467,0.352,1.047,1.685,1.877,0.884,1.598,3.467,0.333,Visual,4.276,15,0.882
POSTBAG,0.2,0.267,3.133,0.267,0.667,3.333,0.561,0.799,1.922,1.033,1.291,1.988,3.333,0.398,Visual,4.084,15,0.938
TOUPEE,0.0,0.0,3.133,0.067,0.2,4.133,0.0,0.0,1.846,0.258,0.775,1.598,4.133,0.549,Visual,4.663,15,0.882
OTTOMAN,0.333,0.0,3.133,0.533,0.2,3.867,0.724,0.0,1.552,1.06,0.561,1.598,3.867,0.479,Visual,4.461,15,0.833
EYELET,0.067,0.0,3.133,0.133,0.0,4.533,0.258,0.0,1.246,0.516,0.0,0.64,4.533,0.576,Visual,4.986,15,0.938
SCRUNCH,1.067,0.2,3.133,0.867,0.067,2.467,1.387,0.775,1.767,1.302,0.258,1.598,3.133,0.393,Haptic,3.625,15,0.833
CORNCOB,0.25,3.312,3.125,0.125,2.25,3.5,0.577,1.778,1.928,0.342,1.653,1.789,3.5,0.269,Visual,4.948,16,0.889
NONSTICK,0.375,0.062,3.125,0.188,0.0,2.5,1.258,0.25,1.857,0.544,0.0,2.16,3.125,0.5,Haptic,3.588,16,1.0
DRUM KIT,4.312,0.0,3.125,0.375,0.0,3.625,1.448,0.0,1.821,1.258,0.0,1.708,4.312,0.377,Auditory,5.411,16,1.0
BICEP,0.312,0.0,3.125,1.0,0.0,3.5,1.25,0.0,1.746,1.592,0.0,1.932,3.5,0.441,Visual,4.206,16,1.0
LAMINATION,0.375,0.0,3.125,0.25,0.25,3.688,0.806,0.0,1.857,1.0,0.577,1.537,3.688,0.48,Visual,4.322,16,0.842
GRIME,0.062,0.062,3.125,0.125,1.375,4.25,0.25,0.25,1.857,0.5,1.586,1.065,4.25,0.465,Visual,4.79,16,1.0
CHUBBINESS,0.438,0.312,3.125,1.938,0.188,4.562,1.209,0.873,1.455,1.692,0.75,0.727,4.562,0.414,Visual,5.103,16,0.889
CROCHET,0.688,0.125,3.125,0.375,0.25,4.062,1.078,0.5,1.857,0.806,0.577,1.389,4.062,0.457,Visual,4.61,16,0.842
TAUT,0.5,0.0,3.125,0.875,0.125,4.062,1.095,0.0,1.784,1.408,0.5,1.436,4.062,0.468,Visual,4.616,16,0.941
SCALY,0.25,0.25,3.125,0.5,0.312,3.25,0.577,0.775,2.277,1.155,0.793,1.88,3.25,0.39,Visual,4.021,16,0.941
BEARSKIN,0.188,0.0,3.125,0.0,0.062,3.188,0.75,0.0,2.094,0.0,0.25,1.974,3.188,0.486,Visual,3.977,16,1.0
SCOOPER,0.125,0.062,3.125,0.0,0.0,3.625,0.342,0.25,1.928,0.0,0.0,1.668,3.625,0.523,Visual,4.275,16,1.0
CLASPING,0.812,0.125,3.125,1.062,0.125,3.562,1.642,0.5,2.029,1.806,0.5,1.632,3.562,0.39,Visual,4.263,16,0.941
CHILLINESS,0.875,0.125,3.125,3.875,0.188,2.0,1.455,0.342,1.668,1.5,0.403,1.966,3.875,0.368,Interoceptive,4.601,16,1.0
FOLDABLE,0.062,0.0,3.125,0.25,0.0,3.125,0.25,0.0,2.156,1.0,0.0,2.094,3.125,0.476,Haptic,3.938,16,1.0
WINE BOTTLE,0.688,0.562,3.125,0.312,0.688,4.312,1.138,1.094,1.708,0.704,0.946,1.25,4.312,0.413,Visual,4.814,16,1.0
CRINKLY,2.25,0.0,3.125,0.125,0.0,3.25,2.436,0.0,2.187,0.5,0.0,2.145,3.25,0.371,Visual,4.24,16,0.941
AIR RIFLE,3.25,0.0,3.125,0.188,0.438,4.0,1.88,0.0,2.029,0.544,1.031,1.366,4.0,0.364,Visual,5.052,16,0.941
FROSTBITE,0.062,0.062,3.125,3.5,0.312,1.938,0.25,0.25,2.247,2.0,1.014,1.914,3.5,0.382,Interoceptive,4.321,16,1.0
VAGINAL,0.688,1.562,3.125,2.375,1.438,3.5,0.946,2.097,1.893,2.247,1.75,1.592,3.5,0.222,Visual,4.545,16,1.0
ANTIQUES,0.625,0.312,3.125,0.375,0.75,4.312,1.408,1.25,1.544,1.258,1.39,0.946,4.312,0.421,Visual,4.813,16,1.0
SAUCEPAN,0.927,0.488,3.122,0.146,0.634,4.073,1.571,1.267,1.913,0.792,1.299,1.618,4.073,0.418,Visual,4.629,41,1.0
LEG,0.529,0.118,3.118,1.294,0.235,3.824,0.874,0.332,1.576,1.49,0.752,1.59,3.824,0.406,Visual,4.457,17,1.0
PENNY,0.529,0.059,3.118,0.294,0.412,4.471,1.179,0.243,1.799,0.849,0.618,0.717,4.471,0.497,Visual,4.931,17,1.0
CHRISTMAS CARD,0.529,0.118,3.118,0.412,0.294,4.412,0.717,0.332,1.799,0.87,0.686,1.228,4.412,0.483,Visual,4.883,17,1.0
TABLES,0.529,0.0,3.118,0.294,0.176,4.412,1.125,0.0,1.576,0.985,0.393,0.795,4.412,0.517,Visual,4.882,17,1.0
FOLDING,0.118,0.0,3.118,0.176,0.0,3.647,0.332,0.0,1.799,0.728,0.0,1.412,3.647,0.517,Visual,4.288,17,1.0
WOODCUTTING,2.941,0.118,3.118,0.176,1.412,3.765,1.391,0.332,1.764,0.529,1.502,1.522,3.765,0.316,Visual,4.819,17,1.0
TWIST,0.824,0.118,3.118,0.765,0.0,4.647,1.59,0.485,2.233,1.251,0.0,0.702,4.647,0.491,Visual,5.087,17,1.0
COFFEEPOT,2.118,0.353,3.118,0.176,2.118,4.176,1.691,0.996,2.205,0.728,1.799,1.38,4.176,0.332,Visual,4.962,17,1.0
MUSCULAR,0.118,0.059,3.118,1.647,0.059,4.294,0.332,0.243,1.9,2.09,0.243,1.105,4.294,0.456,Visual,4.848,17,1.0
TRICEPS,0.324,0.176,3.118,1.676,0.206,3.441,0.912,0.626,1.684,1.804,0.641,1.691,3.441,0.365,Visual,4.232,34,0.944
POROUS,0.294,0.118,3.118,0.118,0.0,4.118,0.686,0.332,1.833,0.332,0.0,1.495,4.118,0.53,Visual,4.644,17,0.944
PELVIS,0.353,0.0,3.118,1.294,0.0,4.059,1.222,0.0,2.027,1.896,0.0,1.6,4.059,0.46,Visual,4.632,17,1.0
ICE CREAM CONE,1.176,4.176,3.118,1.824,2.294,3.294,1.879,1.131,1.616,2.007,1.448,1.687,4.176,0.189,Gustatory,5.414,17,1.0
SEATING,0.412,0.294,3.118,1.471,0.235,2.588,1.004,1.213,1.616,2.035,0.752,2.033,3.118,0.355,Haptic,3.707,17,1.0
GLASSLIKE,0.706,0.176,3.118,0.294,0.118,4.0,1.047,0.728,1.654,0.849,0.332,1.414,4.0,0.462,Visual,4.558,17,1.0
FLATTEN OUT,1.118,0.294,3.118,0.882,0.294,3.412,1.764,1.213,2.088,1.764,1.213,1.583,3.412,0.342,Visual,4.163,17,0.944
GOLDEN RETRIEVER,2.882,0.235,3.118,0.471,2.059,4.471,1.799,0.97,1.764,1.125,1.919,1.125,4.471,0.32,Visual,5.342,17,1.0
DRAFTINESS,0.765,0.0,3.118,1.706,0.0,0.647,1.348,0.0,1.691,1.795,0.0,1.367,3.118,0.5,Haptic,3.301,17,0.895
BALL,0.765,0.059,3.118,0.118,0.0,3.824,1.251,0.243,1.616,0.332,0.0,1.38,3.824,0.485,Visual,4.425,17,1.0
UNTYING,0.471,0.0,3.118,0.235,0.0,3.706,1.281,0.0,2.058,0.752,0.0,1.687,3.706,0.492,Visual,4.332,17,0.944
KEVLAR,0.588,0.059,3.118,0.235,0.412,3.059,1.121,0.243,1.867,0.752,1.004,1.952,3.118,0.409,Haptic,3.898,17,0.895
WEDGE,0.412,0.059,3.118,0.235,0.059,4.471,0.939,0.243,2.088,0.752,0.243,1.281,4.471,0.528,Visual,4.929,17,0.944
UNTIE,0.412,0.059,3.118,0.294,0.118,2.824,0.87,0.243,1.996,0.849,0.485,2.128,3.118,0.448,Haptic,3.754,17,0.944
OBJECT,1.529,0.647,3.118,0.824,1.235,3.824,2.004,1.272,1.799,1.468,1.602,1.51,3.824,0.284,Visual,4.522,17,1.0
SUGAR CUBE,0.353,4.529,3.118,1.118,1.294,4.059,0.786,1.068,1.654,1.764,2.024,1.249,4.529,0.289,Gustatory,5.786,17,1.0
ABRASIVELY,1.882,0.0,3.118,1.059,0.0,1.588,1.654,0.0,1.536,1.435,0.0,1.583,3.118,0.408,Haptic,3.481,17,0.944
MANICURIST,1.118,0.0,3.118,0.412,1.176,3.824,1.764,0.0,2.058,1.278,1.776,1.286,3.824,0.396,Visual,4.47,17,0.895
TUPPERWARE,0.471,0.0,3.118,0.176,0.059,4.235,1.068,0.0,1.799,0.728,0.243,1.2,4.235,0.526,Visual,4.738,17,1.0
ALOE,0.353,1.176,3.118,0.471,2.235,3.176,1.222,1.551,1.9,1.231,1.855,1.776,3.176,0.268,Visual,4.223,17,0.944
FLOORING,1.0,0.0,3.118,0.176,0.118,4.529,1.458,0.0,1.576,0.728,0.332,0.874,4.529,0.507,Visual,4.99,17,0.944
SHOEHORN,0.765,0.059,3.118,0.294,0.118,3.706,1.348,0.243,2.147,0.588,0.485,1.724,3.706,0.453,Visual,4.339,17,0.944
GARB,0.824,0.294,3.118,0.412,0.118,4.118,1.425,1.213,2.027,1.004,0.485,1.269,4.118,0.45,Visual,4.654,17,0.944
DUSTER,0.914,0.143,3.114,0.257,0.571,3.514,1.56,0.55,1.745,0.611,1.119,1.422,3.514,0.396,Visual,4.209,35,0.854
IMMOVABILITY,0.778,0.0,3.111,1.389,0.0,3.722,1.309,0.0,1.844,1.539,0.0,1.602,3.722,0.414,Visual,4.394,18,1.0
FOOTREST,0.222,0.111,3.111,0.889,0.222,3.722,0.548,0.323,1.937,1.676,0.647,1.873,3.722,0.436,Visual,4.352,18,1.0
SLIPPED,1.667,0.167,3.111,2.111,0.222,3.111,1.815,0.707,1.906,2.166,0.943,1.844,3.111,0.283,Visual,4.204,18,1.0
STABBING,1.611,0.111,3.111,3.444,0.5,4.056,1.787,0.471,1.967,1.917,1.465,1.626,4.056,0.307,Visual,5.217,18,1.0
CARRYING,0.5,0.0,3.111,1.111,0.0,2.667,1.043,0.0,1.779,1.367,0.0,1.609,3.111,0.421,Haptic,3.698,18,1.0
PORCELAIN,0.444,0.278,3.111,0.444,0.278,3.5,1.247,1.179,1.779,1.338,1.179,1.383,3.5,0.4,Visual,4.183,18,1.0
TOKEN,1.222,0.0,3.111,0.222,0.111,4.167,1.592,0.0,1.641,0.548,0.471,1.098,4.167,0.472,Visual,4.707,18,0.947
COTTONWEED,0.333,0.333,3.111,0.167,1.444,4.111,0.97,1.029,1.676,0.514,1.542,1.183,4.111,0.415,Visual,4.683,18,0.9
SHAVEN,0.333,0.111,3.111,0.444,0.167,3.667,1.188,0.471,1.906,1.149,0.514,1.572,3.667,0.454,Visual,4.301,18,1.0
AVOCADO,0.0,4.333,3.111,0.389,2.389,3.833,0.0,1.372,2.22,0.85,1.914,1.823,4.333,0.308,Gustatory,5.662,18,1.0
FRICTIONAL,1.167,0.0,3.111,1.722,0.056,2.944,1.654,0.0,1.997,1.904,0.236,1.862,3.111,0.346,Haptic,3.965,18,0.947
PEBBLED,0.444,0.056,3.111,0.333,0.111,3.556,0.922,0.236,1.844,0.97,0.471,1.79,3.556,0.46,Visual,4.221,18,1.0
TWINE,0.333,0.278,3.111,0.611,0.333,3.889,0.84,0.958,1.875,1.243,0.84,1.745,3.889,0.422,Visual,4.469,18,0.947
BRACES,0.444,0.944,3.111,1.444,0.333,3.833,1.247,1.798,1.844,2.175,1.188,1.581,3.833,0.346,Visual,4.488,18,1.0
GATE,1.722,0.111,3.111,0.167,0.222,4.5,1.904,0.323,1.711,0.707,0.548,1.249,4.5,0.446,Visual,5.018,18,1.0
ICE CREAM,0.556,4.556,3.111,1.944,2.222,3.5,1.381,1.199,1.875,1.984,1.987,1.757,4.556,0.252,Gustatory,5.709,18,1.0
CHESS SET,0.667,0.0,3.111,0.222,0.0,4.722,1.085,0.0,1.875,0.943,0.0,0.575,4.722,0.541,Visual,5.139,18,1.0
LUBRICANT,0.556,0.556,3.111,0.889,1.0,3.167,1.338,1.247,1.937,1.491,1.372,1.654,3.167,0.281,Visual,3.998,18,1.0
BEAKER,0.778,0.222,3.111,0.5,0.5,3.778,1.353,0.732,2.055,1.465,1.043,1.629,3.778,0.4,Visual,4.393,18,1.0
SCARRING,0.556,0.0,3.111,1.889,0.056,4.389,1.199,0.0,1.641,1.967,0.236,0.85,4.389,0.439,Visual,4.954,18,0.947
VENDING MACHINE,2.222,0.389,3.111,0.667,0.278,4.222,1.517,1.037,1.711,1.188,0.958,0.943,4.222,0.362,Visual,4.887,18,1.0
WRAPPING,1.556,0.0,3.111,0.333,0.056,4.167,1.423,0.0,1.937,1.188,0.236,1.098,4.167,0.452,Visual,4.736,18,0.947
WINDOW PANE,0.679,0.107,3.107,0.107,0.071,4.464,1.124,0.567,1.75,0.567,0.378,1.071,4.464,0.515,Visual,4.923,28,1.0
STEEL,0.947,0.053,3.105,0.0,0.368,3.842,1.545,0.229,2.132,0.0,0.955,1.74,3.842,0.462,Visual,4.441,19,1.0
GAMEBOY,2.053,0.0,3.105,0.158,0.053,4.158,2.094,0.0,1.912,0.501,0.229,1.573,4.158,0.436,Visual,4.798,19,0.95
BLADE,0.579,0.0,3.105,0.211,0.0,3.842,0.902,0.0,1.629,0.419,0.0,1.214,3.842,0.497,Visual,4.429,19,1.0
RASPBERRY,0.211,4.684,3.105,0.737,2.895,4.158,0.535,0.946,1.941,1.522,1.969,1.214,4.684,0.283,Gustatory,6.12,19,1.0
FRUIT,0.474,4.632,3.105,0.737,3.105,4.421,0.697,0.761,1.286,1.368,1.595,0.769,4.632,0.252,Gustatory,6.267,19,1.0
BRACELET,0.368,0.053,3.105,0.316,0.053,3.895,0.895,0.229,2.105,1.157,0.229,1.449,3.895,0.493,Visual,4.466,19,1.0
TOOTHPASTE,0.263,4.368,3.105,1.0,3.053,3.526,1.147,1.212,1.912,1.856,1.985,2.038,4.368,0.268,Gustatory,5.715,19,1.0
FIGHTING,3.684,0.211,3.105,2.474,0.211,4.263,1.6,0.631,2.105,1.896,0.535,1.327,4.263,0.291,Visual,5.568,19,1.0
STICKER,0.053,0.211,3.105,0.0,0.263,4.474,0.229,0.918,2.025,0.0,0.933,1.172,4.474,0.552,Visual,4.926,19,1.0
NEEDLEWORK,0.526,0.053,3.105,0.158,0.211,3.211,1.429,0.229,2.052,0.501,0.918,1.988,3.211,0.435,Visual,3.983,19,1.0
TIN FOIL,1.684,0.105,3.105,0.211,0.263,4.053,1.701,0.315,1.729,0.631,1.147,1.393,4.053,0.419,Visual,4.662,19,1.0
PINE TREE,0.526,0.105,3.105,0.053,2.947,4.632,1.264,0.459,2.105,0.229,1.84,0.831,4.632,0.403,Visual,5.372,19,1.0
BREAD,0.158,4.421,3.105,1.0,3.0,3.842,0.375,1.216,1.524,1.667,1.764,1.675,4.421,0.275,Gustatory,5.859,19,1.0
PLUG IN,0.684,0.0,3.105,0.421,0.263,3.895,1.25,0.0,1.761,0.769,0.933,1.524,3.895,0.465,Visual,4.472,19,0.95
COOKBOOK,0.263,0.211,3.105,0.053,0.316,4.316,0.733,0.713,1.663,0.229,0.946,1.293,4.316,0.516,Visual,4.797,19,1.0
HUBCAP,0.579,0.053,3.105,0.053,0.053,4.526,1.071,0.229,2.052,0.229,0.229,1.02,4.526,0.535,Visual,4.971,19,1.0
WEAR,0.526,0.263,3.105,1.105,0.263,2.947,1.02,0.653,1.696,1.792,0.733,1.9,3.105,0.346,Haptic,3.85,19,1.0
TIT,0.105,1.0,3.105,1.053,0.368,3.368,0.459,1.291,1.853,1.779,0.831,2.006,3.368,0.363,Visual,4.129,19,0.95
TIED,0.526,0.0,3.105,1.0,0.0,3.789,1.219,0.0,1.941,1.599,0.0,1.619,3.789,0.45,Visual,4.406,19,1.0
NUDE,0.053,0.474,3.105,1.421,0.474,4.579,0.229,1.307,1.761,2.036,1.172,1.017,4.579,0.448,Visual,5.053,19,1.0
HAIR GEL,0.421,0.474,3.105,1.263,2.158,2.789,1.071,1.172,2.132,1.996,1.834,1.619,3.105,0.263,Haptic,3.998,19,1.0
ELECTRIC RAZOR,2.632,0.053,3.105,0.842,0.105,4.105,1.921,0.229,1.883,1.259,0.315,1.41,4.105,0.374,Visual,4.904,19,1.0
STETHOSCOPE,1.158,0.0,3.105,0.632,0.053,4.368,1.772,0.0,1.997,1.606,0.229,1.212,4.368,0.469,Visual,4.865,19,1.0
PUMP,2.0,0.158,3.105,0.737,0.263,3.842,1.563,0.688,2.052,1.195,0.733,1.675,3.842,0.365,Visual,4.564,19,1.0
ARTIFACT,0.684,0.053,3.105,0.211,0.421,4.0,1.003,0.229,1.761,0.713,1.017,1.374,4.0,0.466,Visual,4.552,19,1.0
ACUPUNCTURIST,1.526,0.0,3.105,2.737,0.211,3.316,1.744,0.0,2.132,2.13,0.535,1.916,3.316,0.304,Visual,4.489,19,1.0
SYNTHETIC,1.684,1.421,3.105,0.737,0.947,2.947,2.001,1.805,1.969,1.327,1.268,1.747,3.105,0.218,Haptic,4.009,19,1.0
RINSE OFF,1.0,0.0,3.105,0.526,0.0,2.632,1.528,0.0,2.079,1.307,0.0,1.862,3.105,0.428,Haptic,3.667,19,1.0
LACELIKE,0.053,0.053,3.105,0.368,0.053,3.421,0.229,0.229,1.595,1.212,0.229,1.805,3.421,0.478,Visual,4.122,19,1.0
MUG,0.368,0.158,3.105,0.316,0.105,3.105,1.212,0.688,1.912,1.003,0.315,1.883,3.105,0.419,Visual,3.914,19,1.0
IRON,0.895,0.579,3.105,0.158,0.684,4.0,1.823,1.305,1.823,0.688,1.416,1.491,4.0,0.408,Visual,4.566,19,1.0
BEACHBALL,0.737,0.053,3.105,0.421,0.105,3.632,1.24,0.229,2.052,1.261,0.315,1.571,3.632,0.444,Visual,4.278,19,1.0
PUPPET,1.45,0.05,3.1,0.35,0.15,3.9,1.538,0.224,2.198,1.089,0.489,1.683,3.9,0.428,Visual,4.518,20,1.0
SWEATY,0.65,0.85,3.1,2.0,2.7,3.4,1.424,1.226,1.714,1.589,1.72,1.569,3.4,0.217,Visual,4.605,20,1.0
THUMBTACK,0.1,0.0,3.1,0.15,0.1,3.85,0.308,0.0,1.619,0.671,0.447,1.694,3.85,0.527,Visual,4.429,20,1.0
HAIRINESS,0.15,0.0,3.1,0.35,0.1,3.85,0.489,0.0,1.651,0.988,0.308,1.725,3.85,0.51,Visual,4.429,20,1.0
FACE,0.25,0.35,3.1,0.45,0.3,4.95,0.91,0.813,1.944,1.146,0.801,0.224,4.95,0.5,Visual,5.328,20,1.0
THROWN,1.25,0.45,3.1,1.65,0.4,3.95,1.585,1.234,1.744,1.725,1.095,1.317,3.95,0.329,Visual,4.611,20,1.0
STRAW,0.7,0.65,3.1,0.1,0.75,3.55,0.979,1.137,1.373,0.447,1.251,1.356,3.55,0.39,Visual,4.228,20,1.0
WIDTH,0.35,0.25,3.1,0.4,0.1,4.3,0.813,0.639,1.518,0.883,0.447,1.302,4.3,0.494,Visual,4.783,20,1.0
LEGGINGS,0.05,0.0,3.1,0.15,0.1,4.0,0.224,0.0,1.744,0.671,0.308,1.376,4.0,0.541,Visual,4.544,20,1.0
IMBED,1.2,0.1,3.1,1.2,0.5,3.0,1.687,0.316,1.792,1.687,1.269,1.944,3.1,0.33,Haptic,3.923,10,0.588
SNOT,1.1,2.05,3.1,2.0,0.85,3.75,1.714,1.986,1.861,1.835,1.496,1.552,3.75,0.226,Visual,4.658,20,1.0
PRECIOUS METAL,0.35,0.05,3.1,0.15,0.0,4.15,0.813,0.224,1.804,0.489,0.0,1.309,4.15,0.532,Visual,4.662,20,1.0
DRAFTY,1.55,0.1,3.1,1.3,0.3,1.65,1.395,0.447,1.997,1.922,0.801,2.059,3.1,0.375,Haptic,3.427,20,1.0
FISHINGROD,0.95,0.15,3.1,0.45,0.3,3.65,1.468,0.671,1.683,0.945,1.129,1.927,3.65,0.407,Visual,4.298,20,1.0
TRAMPOLINE,1.85,0.3,3.1,2.2,0.15,3.85,1.872,0.923,1.944,2.042,0.671,1.531,3.85,0.323,Visual,4.701,20,1.0
GOAT,2.7,1.3,3.1,0.55,2.55,4.35,1.949,1.922,1.861,1.538,1.932,1.226,4.35,0.261,Visual,5.322,20,1.0
SKATEBOARD,2.65,0.0,3.1,0.55,0.0,4.6,1.981,0.0,1.861,1.234,0.0,0.681,4.6,0.422,Visual,5.264,20,1.0
WIND TUNNEL,3.317,0.049,3.098,1.976,0.293,3.049,1.65,0.218,1.828,1.877,0.75,1.923,3.317,0.277,Auditory,4.677,41,1.0
ROCKINESS,0.619,0.0,3.095,1.048,0.0,3.714,1.071,0.0,1.868,1.532,0.0,1.271,3.714,0.438,Visual,4.349,21,1.0
POTTERY,0.476,0.0,3.095,0.19,0.381,3.762,1.167,0.0,1.411,0.68,0.805,1.513,3.762,0.476,Visual,4.363,21,1.0
WRESTLE,1.333,0.143,3.095,0.857,0.048,3.524,1.623,0.478,1.841,1.493,0.218,1.75,3.524,0.386,Visual,4.243,21,1.0
KNUCKLE,0.619,0.095,3.095,0.476,0.095,3.714,1.117,0.436,1.546,1.123,0.436,1.521,3.714,0.447,Visual,4.331,21,1.0
DART,1.238,0.333,3.095,0.571,0.238,3.81,1.578,1.155,1.947,1.287,1.091,1.632,3.81,0.385,Visual,4.432,21,1.0
COCKER SPANIEL,2.714,0.143,3.095,0.238,1.81,4.238,1.875,0.478,1.67,0.625,1.47,1.3,4.238,0.335,Visual,5.088,21,0.955
DIMPLED,0.095,0.048,3.095,0.238,0.048,4.048,0.301,0.218,1.786,0.539,0.218,1.396,4.048,0.528,Visual,4.579,21,1.0
SOUFFLE,1.273,3.909,3.091,1.727,3.818,3.909,2.054,2.023,2.166,2.102,1.991,1.64,3.909,0.149,Visual,5.962,11,0.611
SANDPIT,0.606,0.364,3.091,0.576,0.606,4.394,1.499,1.22,1.91,1.37,1.478,1.144,4.394,0.418,Visual,4.864,33,1.0
WETSUIT,0.771,0.4,3.086,1.2,0.771,3.771,1.285,0.946,1.652,1.762,1.352,1.629,3.771,0.337,Visual,4.409,35,0.972
TAMBOURINE,4.389,0.028,3.083,0.306,0.083,3.722,1.379,0.167,1.918,0.856,0.368,1.597,4.389,0.376,Auditory,5.49,36,0.973
PLASTERWORK,0.917,0.417,3.083,0.75,0.667,4.167,1.73,1.443,1.564,1.765,1.497,0.835,4.167,0.375,Visual,4.691,12,0.706
COAT RACK,0.194,0.0,3.083,0.083,0.111,4.417,0.749,0.0,1.763,0.368,0.319,0.967,4.417,0.56,Visual,4.87,36,1.0
SURFBOARD,0.5,0.042,3.083,0.542,0.083,3.792,1.142,0.204,1.792,1.25,0.282,1.56,3.792,0.466,Visual,4.381,24,1.0
CLAMMINESS,0.462,0.385,3.077,2.077,0.538,1.154,0.967,0.87,1.801,2.019,1.127,1.281,3.077,0.35,Haptic,3.418,13,0.867
SILICA,0.846,0.077,3.077,0.308,0.231,3.154,1.725,0.277,1.605,1.109,0.439,1.772,3.154,0.4,Visual,3.94,13,0.65
DRIVING,2.885,0.385,3.077,2.0,0.462,4.423,1.681,1.235,1.875,1.897,1.24,1.102,4.423,0.305,Visual,5.287,26,1.0
ELECTROTHERAPEUTIC,0.231,0.462,3.077,3.385,0.615,1.154,0.599,1.391,2.216,2.022,1.325,1.676,3.385,0.353,Interoceptive,4.117,13,0.765
HERRINGBONE,0.692,1.0,3.077,0.692,0.846,3.385,1.377,1.633,1.605,1.182,1.345,1.805,3.385,0.278,Visual,4.125,13,0.765
WATER PISTOL,1.036,0.0,3.071,0.107,0.071,3.964,1.644,0.0,2.089,0.567,0.262,1.732,3.964,0.481,Visual,4.521,28,1.0
OVERALLS,0.0,0.0,3.071,0.0,0.214,4.571,0.0,0.0,1.979,0.0,0.579,1.089,4.571,0.582,Visual,4.994,14,0.933
TATER,1.071,3.857,3.071,0.357,2.286,3.929,2.129,2.107,1.73,1.336,1.899,1.439,3.929,0.245,Visual,5.431,14,0.824
HARNESS,0.857,0.143,3.071,0.5,0.214,2.643,1.562,0.535,2.056,0.855,0.579,1.985,3.071,0.394,Haptic,3.639,14,0.933
INCISION,0.267,0.067,3.067,2.533,0.2,3.933,0.594,0.258,2.017,2.167,0.775,1.486,3.933,0.384,Visual,4.732,15,0.882
PUMICE,0.6,0.0,3.067,0.067,0.067,2.333,1.352,0.0,2.251,0.258,0.258,2.16,3.067,0.5,Haptic,3.469,15,0.882
PENETRATING,1.133,0.267,3.067,1.8,0.6,2.867,1.727,1.033,2.282,2.21,1.298,2.134,3.067,0.288,Haptic,3.913,15,1.0
FEDORA,0.333,0.467,3.067,0.333,0.467,3.733,0.816,1.246,2.187,0.9,0.834,1.907,3.733,0.405,Visual,4.329,15,0.75
SLAPPER,2.6,0.2,3.067,1.533,0.267,2.867,1.765,0.775,2.052,1.846,1.033,2.1,3.067,0.272,Haptic,4.191,15,0.833
SEWN,0.533,0.133,3.067,0.133,0.2,4.0,1.125,0.516,1.87,0.352,0.775,1.732,4.0,0.479,Visual,4.531,15,0.938
ACORN,0.8,1.267,3.067,0.133,0.867,3.933,1.568,1.71,1.87,0.516,1.407,1.751,3.933,0.377,Visual,4.529,15,1.0
THROBBING,0.733,0.133,3.067,4.467,0.0,1.533,0.961,0.516,1.534,1.356,0.0,1.407,4.467,0.45,Interoceptive,4.959,15,0.938
REAPPLICATION,0.533,0.067,3.067,0.667,0.267,3.267,1.187,0.258,2.344,1.589,1.033,1.668,3.267,0.407,Visual,4.003,15,0.882
CLOSENESS,1.0,0.467,3.067,3.267,1.067,2.267,1.558,0.915,1.907,1.486,1.71,1.981,3.267,0.251,Interoceptive,4.266,15,1.0
AIRBED,1.0,0.2,3.067,0.933,0.467,3.6,1.195,0.414,1.981,1.28,0.64,1.502,3.6,0.367,Visual,4.262,15,0.938
STUCCO,0.2,0.2,3.067,0.0,0.4,3.6,0.414,0.775,1.907,0.0,0.828,1.844,3.6,0.482,Visual,4.228,15,0.882
LAWNMOWER,4.733,0.4,3.067,0.8,0.933,4.533,0.594,1.298,2.017,1.474,1.58,1.125,4.733,0.3,Auditory,6.122,15,1.0
STRUM,3.4,0.0,3.067,0.2,0.0,2.6,2.063,0.0,2.086,0.561,0.0,1.805,3.4,0.367,Auditory,4.409,15,0.882
GUNLOCK,0.8,0.0,3.067,0.0,0.0,4.067,1.474,0.0,1.87,0.0,0.0,1.71,4.067,0.513,Visual,4.588,15,0.75
LUMPISH,0.0,0.0,3.067,0.067,0.0,2.533,0.0,0.0,2.314,0.258,0.0,2.167,3.067,0.541,Haptic,3.559,15,0.882
COBWEB,0.067,0.067,3.067,0.6,0.133,4.133,0.258,0.258,1.58,0.986,0.516,1.125,4.133,0.504,Visual,4.637,15,1.0
PARTICLEBOARD,0.533,0.0,3.067,0.133,0.467,4.667,0.743,0.0,1.792,0.352,1.246,0.617,4.667,0.526,Visual,5.075,15,0.938
THICKET,0.133,0.0,3.067,0.067,0.467,3.933,0.352,0.0,1.71,0.258,0.834,1.751,3.933,0.513,Visual,4.478,15,0.833
POOCH,3.0,0.467,3.067,0.667,1.4,3.8,1.964,1.125,1.981,1.496,1.882,1.781,3.8,0.269,Visual,4.847,15,0.789
PITA,0.625,3.625,3.062,0.312,2.25,3.625,1.708,2.187,2.144,1.25,2.206,1.893,3.625,0.245,Gustatory,5.138,16,1.0
BURGER,0.562,4.188,3.062,1.25,3.688,4.375,0.964,1.721,1.652,1.653,1.352,1.025,4.375,0.223,Visual,6.199,16,1.0
MOUNTAIN BIKE,0.75,0.062,3.062,0.125,0.188,4.812,1.39,0.25,2.016,0.342,0.75,0.403,4.812,0.528,Visual,5.2,16,1.0
TWEED,0.625,0.188,3.062,0.375,0.438,3.0,1.088,0.75,1.879,0.885,0.892,1.966,3.062,0.374,Haptic,3.828,16,0.889
COINAGE,1.375,0.062,3.062,0.688,0.25,3.312,1.586,0.25,1.692,1.448,0.577,1.957,3.312,0.371,Visual,4.082,16,1.0
UNHARDENED,0.75,0.312,3.062,0.875,0.062,2.75,1.0,0.793,1.769,1.408,0.25,1.653,3.062,0.384,Haptic,3.7,16,1.0
HOODY,0.188,0.312,3.062,0.062,0.25,3.812,0.75,1.25,2.112,0.25,0.775,1.642,3.812,0.488,Visual,4.383,16,0.889
ROD,0.75,0.312,3.062,0.188,0.062,3.625,1.483,1.25,1.843,0.75,0.25,1.746,3.625,0.445,Visual,4.251,16,0.889
SYRUPY,0.25,3.875,3.062,0.438,1.438,3.312,0.775,1.746,1.569,1.031,1.459,1.58,3.875,0.293,Gustatory,5.018,16,0.941
SAFETYPIN,0.312,0.062,3.062,0.062,0.062,4.312,0.793,0.25,1.948,0.25,0.25,1.25,4.312,0.54,Visual,4.776,16,0.941
JABBED,0.938,0.25,3.062,2.125,0.188,2.688,1.611,1.0,1.843,1.996,0.75,2.089,3.062,0.311,Haptic,3.884,16,0.889
RESTRAINED,0.438,0.062,3.062,1.875,0.0,2.875,0.629,0.25,2.265,1.821,0.0,2.094,3.062,0.368,Haptic,3.897,16,1.0
ONE-NIGHT STAND,2.375,1.062,3.062,2.375,1.5,3.312,1.821,1.289,1.982,2.156,1.673,1.448,3.312,0.164,Visual,4.586,16,1.0
SKINCARE,0.5,0.062,3.062,0.438,1.625,2.875,0.894,0.25,1.526,1.263,1.455,1.5,3.062,0.35,Haptic,3.848,16,1.0
CORDUROY,0.562,0.0,3.062,0.312,0.062,3.625,0.964,0.0,1.769,0.873,0.25,1.544,3.625,0.475,Visual,4.246,16,0.889
DISASSEMBLY,1.0,0.0,3.062,0.125,0.0,4.062,1.549,0.0,2.144,0.342,0.0,1.436,4.062,0.492,Visual,4.591,16,0.889
GRASSY,0.625,0.625,3.062,0.688,2.625,4.125,1.36,1.31,1.569,1.352,1.586,1.31,4.125,0.298,Visual,4.902,16,1.0
MINIDRESS,0.176,0.0,3.059,0.294,0.235,4.471,0.529,0.0,1.952,0.985,0.562,1.179,4.471,0.543,Visual,4.905,17,0.944
PULL DOWN,0.588,0.118,3.059,0.412,0.0,3.235,1.176,0.485,2.076,0.939,0.0,1.715,3.235,0.437,Visual,3.974,17,1.0
GOWN,0.294,0.0,3.059,0.588,0.353,4.294,0.686,0.0,2.106,1.064,0.786,1.404,4.294,0.5,Visual,4.763,17,0.944
EJACULATE,0.941,0.941,3.059,3.529,0.882,2.765,1.749,1.819,1.952,1.807,1.219,2.016,3.529,0.218,Interoceptive,4.58,17,1.0
TORTOISESHELL,0.353,0.176,3.059,0.294,0.471,4.176,0.786,0.393,2.164,0.849,1.231,1.667,4.176,0.469,Visual,4.667,17,1.0
FIG LEAF,0.176,0.765,3.059,0.235,0.647,4.471,0.529,1.437,1.784,0.97,1.115,1.328,4.471,0.459,Visual,4.915,17,0.944
HORSESHOE,1.647,0.294,3.059,0.529,0.588,4.294,1.766,1.213,1.919,1.505,1.278,0.985,4.294,0.384,Visual,4.83,17,1.0
NAILING,3.0,0.0,3.059,0.176,0.0,3.824,1.581,0.0,1.784,0.393,0.0,1.425,3.824,0.38,Visual,4.813,17,1.0
WRISTWATCH,0.824,0.0,3.059,0.0,0.059,4.588,0.951,0.0,1.435,0.0,0.243,0.712,4.588,0.538,Visual,5.01,17,1.0
HEATING,0.529,0.412,3.059,2.412,0.765,0.824,0.874,1.176,1.749,2.347,1.522,1.334,3.059,0.331,Haptic,3.527,17,1.0
BOWLING BALL,1.118,0.0,3.059,0.118,0.0,3.471,1.269,0.0,1.478,0.485,0.0,1.546,3.471,0.447,Visual,4.157,17,1.0
UNLACE,0.706,0.118,3.059,0.235,0.118,3.059,1.404,0.485,1.919,0.562,0.485,2.045,3.059,0.403,Visual,3.862,17,1.0
DOLL,0.588,0.0,3.059,0.059,0.118,4.118,0.939,0.0,1.983,0.243,0.332,1.166,4.118,0.519,Visual,4.62,17,1.0
TIGHTEN,1.059,0.235,3.059,2.235,0.176,3.235,1.435,0.97,2.015,1.751,0.728,1.888,3.235,0.306,Visual,4.215,17,1.0
TINKER,2.647,0.0,3.059,0.059,0.059,3.412,2.12,0.0,1.983,0.243,0.243,1.622,3.412,0.369,Visual,4.429,17,0.895
MASTURBATORY,1.412,0.118,3.059,3.118,0.647,2.882,1.805,0.332,2.193,2.088,1.222,1.996,3.118,0.267,Interoceptive,4.413,17,0.85
POOL,0.882,0.176,3.059,0.353,1.353,4.294,1.453,0.728,2.076,1.222,1.766,1.312,4.294,0.407,Visual,4.806,17,1.0
COMPRESSIBLE,0.353,0.0,3.059,0.412,0.0,2.412,1.222,0.0,1.853,0.87,0.0,1.839,3.059,0.491,Haptic,3.497,17,0.895
PAPER THIN,0.118,0.294,3.059,0.0,0.0,4.176,0.332,0.985,2.045,0.0,0.0,1.074,4.176,0.546,Visual,4.665,17,1.0
SPA,1.588,0.0,3.059,1.706,2.059,3.412,1.698,0.0,2.164,1.863,1.749,1.698,3.412,0.289,Visual,4.415,17,1.0
VERTEBRAE,0.235,0.118,3.059,1.529,0.353,3.0,0.752,0.485,1.749,1.875,1.222,1.732,3.059,0.355,Haptic,3.899,17,1.0
HAT,0.059,0.0,3.059,0.294,0.294,4.471,0.243,0.0,1.435,0.849,1.213,0.943,4.471,0.547,Visual,4.905,17,1.0
BREASTS,0.118,0.235,3.059,0.471,0.059,3.941,0.485,0.562,1.819,1.231,0.243,1.298,3.941,0.493,Visual,4.481,17,1.0
BEDCLOTHES,0.647,0.0,3.059,0.176,0.529,3.118,1.32,0.0,2.015,0.529,0.943,1.996,3.118,0.414,Visual,3.901,17,1.0
ITCHINESS,0.588,0.0,3.059,4.706,0.0,0.882,1.176,0.0,2.193,0.772,0.0,1.691,4.706,0.51,Interoceptive,5.114,17,1.0
HOTPLATE,0.588,0.294,3.059,0.353,0.765,2.824,1.278,0.985,1.819,0.862,1.251,1.59,3.059,0.351,Haptic,3.729,17,1.0
RIGIDITY,0.529,0.176,3.059,1.353,0.176,1.941,1.375,0.728,1.819,1.656,0.728,1.784,3.059,0.398,Haptic,3.379,17,0.944
TEXTURAL,0.235,0.0,3.059,0.176,0.0,2.176,0.664,0.0,2.249,0.728,0.0,2.069,3.059,0.542,Haptic,3.39,17,0.895
FRISKING,0.941,0.0,3.059,1.0,0.118,3.118,1.435,0.0,2.249,1.541,0.485,1.933,3.118,0.379,Visual,3.931,17,1.0
PLANTING,0.235,0.059,3.059,0.412,0.588,4.059,0.562,0.243,1.819,0.87,1.121,1.478,4.059,0.476,Visual,4.575,17,0.944
CRUMBLY,0.765,1.941,3.059,1.118,0.235,2.647,1.3,1.784,1.853,1.576,0.664,2.06,3.059,0.289,Haptic,3.834,17,0.895
CHILLING,1.167,0.333,3.056,2.778,0.111,2.111,1.543,0.767,2.014,2.13,0.323,1.967,3.056,0.308,Haptic,3.936,18,1.0
CUNNILINGUS,2.5,2.611,3.056,3.0,2.278,3.222,1.917,2.173,2.182,2.169,2.137,2.13,3.222,0.057,Visual,5.12,18,0.947
CHAFFING,0.444,0.0,3.056,2.056,0.0,2.167,1.199,0.0,2.182,2.155,0.0,1.79,3.056,0.396,Haptic,3.621,18,0.947
CARDSTOCK,0.722,0.333,3.056,0.389,0.833,3.667,1.487,0.97,2.043,1.037,1.543,1.749,3.667,0.37,Visual,4.289,18,0.9
CRISPNESS,2.333,2.333,3.056,0.944,1.0,3.167,1.879,2.086,1.924,1.893,1.495,1.757,3.167,0.173,Visual,4.44,18,1.0
MOSQUITO,3.0,0.0,3.056,1.111,0.0,4.5,1.749,0.0,1.83,1.811,0.0,0.786,4.5,0.386,Visual,5.29,18,1.0
SOUPSPOON,0.444,1.556,3.056,0.5,0.389,3.778,0.856,2.121,1.893,1.043,0.85,1.865,3.778,0.349,Visual,4.422,18,0.9
BLISTERING,0.667,0.278,3.056,3.0,0.5,2.556,1.283,0.752,1.434,1.609,1.15,1.756,3.056,0.276,Haptic,4.173,18,1.0
EXISTENCE,3.333,2.222,3.056,2.944,2.278,3.833,1.815,2.016,1.984,2.1,2.137,1.425,3.833,0.091,Visual,5.542,18,1.0
MOVABLE,0.5,0.056,3.056,0.667,0.056,3.444,0.924,0.236,1.589,1.534,0.236,1.338,3.444,0.436,Visual,4.118,18,1.0
SCHOOLBOOK,0.333,0.0,3.056,0.111,0.278,4.222,0.485,0.0,2.155,0.471,0.575,1.263,4.222,0.528,Visual,4.701,18,1.0
SCISSOR,1.0,0.167,3.056,0.444,0.222,3.444,1.372,0.707,2.1,1.149,0.943,1.886,3.444,0.393,Visual,4.131,18,1.0
CRUSTED,0.389,1.389,3.056,0.167,0.444,3.611,1.145,1.787,1.765,0.514,1.199,2.004,3.611,0.38,Visual,4.281,18,1.0
CROWBAR,0.944,0.333,3.056,0.5,0.5,3.389,1.434,0.97,1.862,1.043,1.15,1.883,3.389,0.35,Visual,4.093,18,1.0
PENCILSHARPENER,2.389,0.0,3.056,0.056,0.444,3.889,1.914,0.0,2.155,0.236,1.042,1.875,3.889,0.395,Visual,4.658,18,1.0
BUFFET,1.722,4.333,3.056,1.167,4.0,4.5,1.708,1.328,2.127,1.689,1.372,0.786,4.5,0.178,Visual,6.477,18,1.0
PERSPIRATION,0.111,0.556,3.056,2.111,1.944,2.778,0.471,1.042,1.798,1.811,1.589,1.734,3.056,0.279,Haptic,4.059,18,1.0
MOTOR SCOOTER,3.389,0.167,3.056,0.833,0.722,4.389,1.501,0.707,1.731,1.339,1.018,1.092,4.389,0.336,Visual,5.348,18,1.0
TORTILLA,0.556,4.667,3.056,0.278,2.833,4.111,1.464,1.188,2.043,0.669,1.855,1.53,4.667,0.283,Gustatory,6.06,18,1.0
DOORKNOCKER,3.611,0.167,3.056,0.222,0.0,3.5,1.944,0.707,1.955,0.943,0.0,1.855,3.611,0.342,Auditory,4.912,18,1.0
HANDHELD,0.778,0.0,3.056,0.0,0.0,3.722,1.478,0.0,1.765,0.0,0.0,1.873,3.722,0.493,Visual,4.319,18,1.0
EAR,2.778,0.056,3.056,1.444,0.278,3.833,2.264,0.236,1.893,1.977,0.826,1.425,3.833,0.33,Visual,4.782,18,1.0
TEAR APART,1.667,0.0,3.056,0.444,0.0,3.0,1.495,0.0,1.862,1.042,0.0,2.114,3.056,0.374,Haptic,3.92,18,1.0
ASS,1.278,0.222,3.056,0.5,1.278,3.833,1.873,0.548,2.014,1.043,1.841,1.724,3.833,0.355,Visual,4.468,18,1.0
VELCRO,2.667,0.056,3.056,0.111,0.111,3.444,1.782,0.236,1.765,0.323,0.323,1.653,3.444,0.359,Visual,4.454,18,1.0
JAGGEDLY,0.611,0.056,3.056,0.833,0.056,3.722,1.243,0.236,1.984,1.383,0.236,1.565,3.722,0.44,Visual,4.325,18,1.0
EMBRACING,0.667,0.0,3.056,2.333,0.222,2.833,1.372,0.0,1.984,1.97,0.548,1.724,3.056,0.335,Haptic,4.006,18,0.947
DISK,1.333,0.278,3.056,0.667,0.222,3.556,1.749,0.752,2.043,1.572,0.943,1.756,3.556,0.366,Visual,4.239,18,1.0
LINING,0.611,0.0,3.056,0.222,0.167,3.556,1.501,0.0,1.862,0.943,0.707,1.756,3.556,0.467,Visual,4.193,18,1.0
MAKE,2.111,1.333,3.056,1.556,1.278,3.389,1.875,1.91,2.1,1.854,1.809,1.819,3.389,0.166,Visual,4.398,18,1.0
LACERATION,0.778,0.111,3.056,2.722,0.167,3.167,1.353,0.323,1.83,2.024,0.514,1.855,3.167,0.306,Visual,4.326,18,0.947
MATE,3.389,0.611,3.056,1.722,0.833,4.278,1.787,1.335,1.955,1.965,1.339,0.958,4.278,0.264,Visual,5.333,18,1.0
TOWEL RACK,0.333,0.0,3.056,0.0,0.222,4.611,1.188,0.0,2.1,0.0,0.943,1.195,4.611,0.561,Visual,5.021,18,1.0
MUD,0.737,0.105,3.053,0.105,0.842,4.0,1.195,0.315,1.433,0.459,1.259,1.374,4.0,0.44,Visual,4.538,19,1.0
BOOT,0.474,0.0,3.053,0.211,0.737,3.368,1.219,0.0,1.682,0.535,1.327,1.892,3.368,0.43,Visual,4.065,19,1.0
SEXUALLY,2.263,0.579,3.053,2.895,0.842,3.105,1.759,1.305,2.013,2.132,1.5,1.663,3.105,0.198,Visual,4.563,19,1.0
CORN,0.632,4.579,3.053,1.263,2.842,4.105,1.165,0.769,1.649,1.851,1.951,1.1,4.579,0.24,Gustatory,6.026,19,1.0
SLOTTED SPOON,0.158,0.053,3.053,0.0,0.053,4.158,0.375,0.229,1.747,0.0,0.229,1.214,4.158,0.556,Visual,4.647,19,0.95
PADDLED,1.684,0.0,3.053,1.105,0.0,2.895,1.797,0.0,2.094,1.729,0.0,2.132,3.053,0.349,Haptic,3.889,19,0.95
CLAMP,1.474,0.263,3.053,1.105,0.263,3.842,1.954,1.147,1.84,1.761,1.147,1.573,3.842,0.358,Visual,4.477,19,1.0
PEEL,0.789,1.053,3.053,0.368,1.211,3.579,1.316,1.471,1.682,0.895,1.653,1.742,3.579,0.319,Visual,4.268,19,0.95
PEEL OFF,1.053,0.211,3.053,0.947,0.158,3.105,1.268,0.918,1.649,1.545,0.688,1.56,3.105,0.346,Visual,3.924,19,1.0
SOAK,0.579,0.158,3.053,0.947,0.211,2.368,1.17,0.688,1.433,1.353,0.713,1.832,3.053,0.396,Haptic,3.498,19,1.0
BILLFOLD,0.263,0.0,3.053,0.263,0.368,3.579,0.653,0.0,2.041,0.733,0.684,1.865,3.579,0.476,Visual,4.205,19,0.95
PIANO,4.579,0.053,3.053,0.368,0.0,3.368,1.017,0.229,1.682,1.212,0.0,1.499,4.579,0.401,Auditory,5.459,19,1.0
SPEAR,0.842,0.158,3.053,0.368,0.158,3.789,1.425,0.501,1.929,1.116,0.375,1.718,3.789,0.434,Visual,4.371,19,1.0
BALANCE BEAM,0.474,0.0,3.053,0.263,0.158,3.895,1.124,0.0,1.957,0.562,0.501,1.595,3.895,0.497,Visual,4.442,19,1.0
CROWN,0.211,0.053,3.053,0.474,0.105,4.316,0.419,0.229,2.121,1.02,0.315,1.293,4.316,0.519,Visual,4.776,19,1.0
WINDOWPANE,0.579,0.0,3.053,0.053,0.0,4.316,1.465,0.0,1.87,0.229,0.0,1.25,4.316,0.539,Visual,4.777,19,1.0
UNDAMAGED,0.947,0.263,3.053,0.737,0.263,4.211,1.433,0.933,1.747,1.522,0.933,1.084,4.211,0.417,Visual,4.708,19,1.0
SHRAPNEL,1.0,0.211,3.053,1.895,0.421,3.474,1.491,0.918,1.985,2.025,1.216,1.712,3.474,0.325,Visual,4.277,19,0.95
CHISEL,2.211,0.0,3.053,0.684,0.0,4.158,1.619,0.0,1.929,1.057,0.0,1.068,4.158,0.411,Visual,4.812,19,1.0
BATH MAT,0.053,0.0,3.053,0.053,0.263,3.842,0.229,0.0,1.747,0.229,0.653,1.608,3.842,0.529,Visual,4.4,19,1.0
HALF DOLLAR,0.211,0.0,3.053,0.053,0.211,4.0,0.419,0.0,1.87,0.229,0.535,1.528,4.0,0.531,Visual,4.522,19,1.0
DURABLENESS,1.0,0.158,3.053,1.053,0.263,3.632,1.491,0.375,1.957,1.471,0.562,1.832,3.632,0.379,Visual,4.282,19,1.0
HAIRDRYER,3.737,0.263,3.053,0.316,0.947,3.526,1.881,1.147,1.929,1.157,1.353,1.926,3.737,0.293,Auditory,5.005,19,1.0
PRIVATES,0.579,1.0,3.053,1.263,1.053,3.947,1.17,1.826,1.985,2.077,1.715,1.545,3.947,0.309,Visual,4.552,19,1.0
HIT,1.8,0.6,3.05,2.15,0.65,3.15,1.795,1.569,1.986,2.3,1.631,1.843,3.15,0.224,Visual,4.234,20,1.0
SKI MASK,0.0,0.2,3.05,0.2,0.45,4.15,0.0,0.894,1.761,0.696,1.395,1.268,4.15,0.516,Visual,4.641,20,1.0
TOSTADA,1.0,4.05,3.05,0.55,2.9,3.9,1.376,1.761,1.638,1.146,1.683,1.41,4.05,0.227,Gustatory,5.643,20,1.0
CRUNCHINESS,3.8,3.7,3.05,1.5,0.15,1.45,1.735,1.689,1.791,1.906,0.489,1.877,3.8,0.267,Auditory,5.197,20,1.0
BREASTBONE,0.05,0.05,3.05,0.95,0.0,3.15,0.224,0.224,1.504,1.605,0.0,1.755,3.15,0.434,Visual,3.925,20,1.0
NIGHTWEAR,0.15,0.15,3.05,0.5,0.2,4.45,0.671,0.671,1.791,1.277,0.696,0.826,4.45,0.506,Visual,4.886,20,1.0
NETTING,0.45,0.0,3.05,0.2,0.05,3.6,1.191,0.0,1.82,0.696,0.224,1.789,3.6,0.49,Visual,4.22,20,0.909
JOLT,1.15,0.15,3.05,2.85,0.2,1.95,1.599,0.366,1.959,2.134,0.523,1.701,3.05,0.31,Haptic,3.925,20,1.0
LOCK,2.1,0.25,3.05,0.45,0.25,4.4,1.971,1.118,1.82,1.276,1.118,0.883,4.4,0.395,Visual,4.972,20,1.0
SALT SHAKER,1.7,0.15,3.05,0.0,0.15,4.3,1.72,0.366,1.986,0.0,0.489,1.174,4.3,0.46,Visual,4.832,20,1.0
SIM CARD,0.05,0.0,3.05,0.0,0.0,4.25,0.224,0.0,2.114,0.0,0.0,1.333,4.25,0.578,Visual,4.72,20,1.0
BURN,1.05,0.45,3.05,3.2,1.9,3.8,1.191,1.146,1.959,1.881,1.832,1.436,3.8,0.249,Visual,4.988,20,1.0
GEMSTONE,0.3,0.0,3.05,0.15,0.0,4.5,0.733,0.0,1.731,0.671,0.0,1.0,4.5,0.562,Visual,4.926,20,1.0
ORGASM,3.15,0.95,3.05,4.6,0.9,2.6,1.694,1.849,2.212,0.94,1.683,1.603,4.6,0.243,Interoceptive,5.605,20,1.0
BALDHEAD,0.3,0.15,3.05,0.25,0.0,4.2,1.129,0.671,2.038,0.786,0.0,1.196,4.2,0.528,Visual,4.68,20,1.0
SUNBURNED,0.2,0.15,3.05,3.05,0.25,3.9,0.894,0.671,1.731,1.932,1.118,1.021,3.9,0.354,Visual,4.878,20,1.0
WARDROBE,0.3,0.1,3.05,0.35,0.3,4.4,0.657,0.447,1.538,0.813,0.571,0.94,4.4,0.506,Visual,4.844,20,1.0
MOUSTACHE,0.2,0.15,3.05,0.3,0.35,4.15,0.523,0.489,1.849,0.733,0.875,1.089,4.15,0.488,Visual,4.64,20,1.0
GUMMY,0.2,2.55,3.05,0.95,0.55,3.6,0.523,1.959,1.82,1.395,0.826,1.392,3.6,0.312,Visual,4.525,20,1.0
HEADBOARD,0.25,0.0,3.05,0.15,0.05,4.1,0.639,0.0,1.605,0.366,0.224,0.968,4.1,0.539,Visual,4.6,20,1.0
MAGNETIC,0.65,0.25,3.05,1.1,0.25,3.3,1.268,1.118,2.139,1.619,1.118,1.689,3.3,0.355,Visual,4.04,20,1.0
ALUMINUM,1.65,0.7,3.05,0.6,0.75,4.35,1.843,1.342,1.761,1.142,1.585,1.04,4.35,0.338,Visual,4.879,20,1.0
DRIED,0.857,1.905,3.048,1.667,1.0,3.714,1.236,1.841,2.156,2.033,1.517,1.707,3.714,0.234,Visual,4.526,21,1.0
FOLDED,0.476,0.048,3.048,0.048,0.048,4.286,1.123,0.218,1.802,0.218,0.218,1.384,4.286,0.533,Visual,4.749,21,1.0
SCISSORS,1.0,0.0,3.048,0.143,0.0,3.381,1.517,0.0,1.884,0.655,0.0,1.857,3.381,0.447,Visual,4.081,21,1.0
GLUE,0.286,0.286,3.048,0.238,2.857,3.667,0.902,0.644,1.564,0.7,1.682,1.528,3.667,0.33,Visual,4.657,21,1.0
CARRY,0.429,0.095,3.048,0.762,0.095,2.381,0.926,0.436,1.83,1.375,0.436,1.687,3.048,0.434,Haptic,3.485,21,1.0
NOSE,1.19,0.429,3.048,1.143,3.0,4.238,1.806,1.363,1.627,1.852,2.168,1.3,4.238,0.292,Visual,5.126,21,1.0
TREMBLING,1.0,0.116,3.047,4.442,0.093,2.651,1.574,0.544,1.939,1.007,0.426,2.17,4.442,0.383,Interoceptive,5.137,43,1.0
WAISTLINE,0.304,0.0,3.043,1.0,0.0,4.522,1.105,0.0,1.665,1.758,0.0,1.039,4.522,0.51,Visual,4.955,23,1.0
SENSITIVENESS,1.962,1.038,3.038,3.231,0.769,1.846,1.928,1.685,1.907,1.904,1.583,2.014,3.231,0.207,Interoceptive,4.258,26,1.0
FLATTEN,0.815,0.13,3.037,0.352,0.111,3.389,1.415,0.584,1.971,0.974,0.572,1.867,3.389,0.418,Visual,4.072,54,0.947
HEADWEAR,0.194,0.0,3.032,0.613,0.258,3.613,0.543,0.0,1.538,1.383,0.575,1.726,3.613,0.469,Visual,4.223,31,1.0
DISASSEMBLE,1.059,0.088,3.029,0.441,0.118,3.471,1.434,0.379,2.022,1.16,0.537,1.637,3.471,0.412,Visual,4.138,34,1.0
PLUMP,0.714,0.829,3.029,1.171,0.4,3.086,1.226,1.485,1.671,1.581,0.847,1.915,3.086,0.291,Visual,3.91,35,0.972
RED CABBAGE,0.459,4.324,3.027,0.459,2.703,4.351,0.989,1.355,1.863,1.192,1.697,1.033,4.351,0.254,Visual,5.953,37,1.0
VIOLENTLY,3.175,0.475,3.025,2.875,0.425,4.2,1.838,1.45,2.019,1.897,1.259,1.224,4.2,0.266,Visual,5.403,40,0.976
SUNBURNT,0.053,0.0,3.0,3.316,0.158,4.421,0.229,0.0,2.16,2.001,0.375,1.071,4.421,0.404,Visual,5.312,19,1.0
TWEEZE,0.412,0.0,3.0,0.706,0.0,3.0,0.87,0.0,2.0,1.359,0.0,1.936,3.0,0.421,Visual,3.79,17,0.895
SICKLE,1.059,0.118,3.0,0.588,0.118,3.882,1.6,0.485,1.969,1.326,0.485,1.996,3.882,0.43,Visual,4.43,17,0.895
GOO,0.45,0.0,3.0,0.3,0.45,3.2,0.945,0.0,2.052,0.923,0.826,1.795,3.2,0.432,Visual,3.914,20,1.0
PADDLING,2.118,0.118,3.0,1.294,0.059,4.059,1.9,0.485,1.768,1.687,0.243,1.345,4.059,0.376,Visual,4.726,17,1.0
HEADPHONES,4.706,0.0,3.0,1.176,0.059,2.471,0.772,0.0,1.732,1.776,0.243,1.772,4.706,0.412,Auditory,5.289,17,0.944
TRASH CAN,0.895,0.0,3.0,0.0,3.421,4.579,1.595,0.0,1.667,0.0,1.895,0.838,4.579,0.385,Visual,5.471,19,1.0
OVERINFLATE,1.2,0.0,3.0,0.333,0.133,3.733,1.373,0.0,1.927,0.816,0.516,1.387,3.733,0.444,Visual,4.323,15,0.938
CLICKER,3.895,0.0,3.0,0.263,0.0,2.684,1.286,0.0,2.055,0.733,0.0,1.945,3.895,0.396,Auditory,4.724,19,0.95
CAP,0.526,0.0,3.0,0.632,0.158,4.105,0.964,0.0,2.211,1.461,0.375,1.449,4.105,0.488,Visual,4.588,19,1.0
TYPEWRITING,2.944,0.0,3.0,0.056,0.0,3.278,2.014,0.0,2.029,0.236,0.0,1.873,3.278,0.353,Visual,4.444,18,1.0
KNEEPAD,0.684,0.0,3.0,0.421,0.053,4.0,1.376,0.0,1.826,1.216,0.229,1.453,4.0,0.49,Visual,4.504,19,1.0
CLING,0.421,0.316,3.0,1.684,0.211,2.947,0.902,1.003,2.028,1.765,0.535,1.84,3.0,0.325,Haptic,3.86,19,0.95
KNEAD,0.368,0.0,3.0,0.105,0.105,2.632,1.212,0.0,2.285,0.459,0.459,2.216,3.0,0.483,Haptic,3.564,19,1.0
PERSON,3.818,0.909,3.0,1.455,2.091,4.455,1.468,1.54,1.512,1.738,1.688,0.858,4.455,0.225,Visual,5.688,22,1.0
CASH REGISTER,3.533,0.333,3.0,0.667,0.4,4.467,1.506,0.724,2.07,1.291,0.828,0.915,4.467,0.333,Visual,5.436,15,1.0
DEERSKIN,0.35,0.15,3.0,0.4,0.7,3.55,0.933,0.489,1.974,1.188,0.865,1.701,3.55,0.417,Visual,4.164,20,1.0
OUTERWEAR,0.368,0.263,3.0,0.526,0.263,4.0,1.212,1.147,1.886,1.429,1.147,1.599,4.0,0.444,Visual,4.502,19,1.0
PAJAMAS,0.286,0.095,3.0,0.381,0.381,3.762,0.956,0.436,1.789,0.973,0.973,1.411,3.762,0.464,Visual,4.316,21,1.0
ASPHALT,0.667,0.0,3.0,0.333,2.4,3.8,1.589,0.0,1.69,0.724,2.028,1.656,3.8,0.373,Visual,4.579,15,0.938
SERRATED,0.267,0.133,3.0,0.0,0.0,3.733,0.594,0.516,2.268,0.0,0.0,1.944,3.733,0.523,Visual,4.292,15,0.882
HEADLOCK,0.471,0.059,3.0,1.059,0.059,3.235,1.125,0.243,1.871,1.886,0.243,1.921,3.235,0.403,Visual,3.961,17,0.944
FISHHOOK,0.0,0.0,3.0,0.158,0.211,3.895,0.0,0.0,1.732,0.501,0.535,1.729,3.895,0.536,Visual,4.416,19,1.0
SHOEBOX,0.111,0.0,3.0,0.389,0.278,3.611,0.323,0.0,1.94,1.195,0.575,1.787,3.611,0.489,Visual,4.202,18,1.0
TOUGH,1.529,0.294,3.0,1.529,0.0,3.0,1.586,0.985,1.696,1.807,0.0,1.837,3.0,0.321,Visual,3.94,17,1.0
DRUMHEAD,2.368,0.0,3.0,0.263,0.105,3.684,2.362,0.0,2.055,0.806,0.315,1.916,3.684,0.391,Visual,4.487,19,0.905
GOURD,0.769,2.615,3.0,0.154,2.0,3.769,1.589,2.063,1.78,0.555,1.633,1.878,3.769,0.294,Visual,4.746,13,0.812
DRIVESHAFT,0.688,0.0,3.0,0.312,0.188,4.188,1.493,0.0,2.16,1.25,0.544,1.424,4.188,0.5,Visual,4.654,16,1.0
TOWEL RAIL,0.294,0.0,3.0,0.0,0.0,4.118,0.849,0.0,2.0,0.0,0.0,1.495,4.118,0.556,Visual,4.592,17,0.85
FLAMING,1.471,0.647,3.0,1.529,2.235,3.706,1.586,1.412,1.732,1.875,1.522,1.572,3.706,0.243,Visual,4.58,17,1.0
SHIRTTAIL,0.067,0.0,3.0,0.0,0.133,4.267,0.258,0.0,2.171,0.0,0.516,1.163,4.267,0.571,Visual,4.713,15,0.833
TUCK IN,0.647,0.0,3.0,0.706,0.0,3.471,1.057,0.0,2.0,1.312,0.0,1.231,3.471,0.444,Visual,4.11,17,1.0
TURN ON,2.294,0.941,3.0,2.412,1.235,3.471,2.114,1.6,1.969,2.399,1.786,2.035,3.471,0.189,Visual,4.605,17,1.0
CLEAVER,1.067,0.267,3.0,0.267,0.4,3.733,1.163,0.704,1.852,0.799,0.828,1.534,3.733,0.397,Visual,4.315,15,0.938
LACING,0.471,0.118,3.0,0.294,0.176,3.647,0.943,0.485,1.696,0.985,0.529,1.32,3.647,0.458,Visual,4.229,17,0.944
HEAD,1.053,0.474,3.0,0.842,0.737,4.474,1.649,1.02,1.795,1.642,1.408,1.124,4.474,0.378,Visual,4.916,19,1.0
FITTED,0.688,0.312,3.0,0.938,0.312,3.5,1.352,1.25,1.592,1.731,1.25,1.932,3.5,0.364,Visual,4.142,16,1.0
DRYLY,1.471,1.176,3.0,1.235,0.235,2.529,2.125,1.944,2.092,1.786,0.97,2.035,3.0,0.287,Haptic,3.681,17,0.895
SANDBANK,0.45,0.05,3.0,0.2,0.35,4.15,0.887,0.224,1.835,0.523,0.587,1.348,4.15,0.5,Visual,4.62,20,0.952
FLINT,0.6,0.067,3.0,0.6,0.533,4.0,1.121,0.258,1.773,1.121,0.915,1.558,4.0,0.447,Visual,4.508,15,1.0
PUP,2.938,0.062,3.0,0.25,1.5,3.688,1.692,0.25,1.592,1.0,1.673,1.621,3.688,0.317,Visual,4.731,16,1.0
PURSE,0.333,0.0,3.0,0.0,0.222,4.611,0.767,0.0,2.058,0.0,0.548,0.979,4.611,0.565,Visual,5.001,18,1.0
BULKY,0.722,0.0,3.0,0.611,0.0,4.444,1.487,0.0,1.749,1.195,0.0,0.856,4.444,0.506,Visual,4.869,18,1.0
PUZZLE,0.632,0.053,3.0,0.684,0.105,4.526,1.342,0.229,1.944,1.157,0.459,1.172,4.526,0.497,Visual,4.937,19,1.0
FRYINGPAN,1.5,0.611,3.0,0.111,1.167,4.0,1.757,1.335,1.68,0.323,1.79,0.97,4.0,0.374,Visual,4.582,18,1.0
POMPOM,0.889,0.0,3.0,0.111,0.0,4.5,1.53,0.0,1.815,0.471,0.0,0.924,4.5,0.529,Visual,4.916,18,1.0
COCONUT,0.476,4.381,3.0,0.333,3.381,3.667,0.873,0.973,1.549,0.577,1.746,1.354,4.381,0.266,Gustatory,5.84,21,1.0
RAPIST,2.1,0.45,3.0,3.35,0.85,3.25,2.15,1.276,2.152,1.954,1.631,2.074,3.35,0.223,Interoceptive,4.775,20,1.0
ADJUSTABLE,0.842,0.105,3.0,0.632,0.211,3.947,1.302,0.315,2.055,1.535,0.713,0.97,3.947,0.44,Visual,4.471,19,1.0
INJECT,0.353,0.059,3.0,2.0,0.0,3.059,1.222,0.243,2.062,1.969,0.0,1.676,3.059,0.361,Visual,3.993,17,1.0
FURLESS,1.0,0.286,3.0,0.214,0.214,4.0,1.754,1.069,1.881,0.579,0.802,1.519,4.0,0.434,Visual,4.515,14,0.824
POCKETFUL,0.438,0.0,3.0,0.312,0.0,2.688,1.031,0.0,1.966,0.873,0.0,1.957,3.0,0.466,Haptic,3.597,16,1.0
CREAMY,0.471,3.588,3.0,1.412,1.353,3.294,0.943,1.661,1.768,1.97,1.579,1.724,3.588,0.238,Gustatory,4.854,17,1.0
INJURY,0.778,0.0,3.0,3.444,0.0,3.389,1.06,0.0,1.372,1.756,0.0,1.539,3.444,0.325,Interoceptive,4.751,18,1.0
FURNISHINGS,0.35,0.0,3.0,0.1,0.3,4.45,0.671,0.0,1.864,0.308,0.571,1.191,4.45,0.543,Visual,4.866,20,0.952
AIR FLOW,1.533,0.067,3.0,0.867,0.267,0.733,1.642,0.258,1.558,1.187,0.458,1.163,3.0,0.454,Haptic,3.164,15,1.0
WINE GLASS,0.75,1.3,3.0,0.45,0.85,3.55,1.07,2.003,2.077,0.826,1.496,1.959,3.55,0.313,Visual,4.218,20,1.0
FREEZER,0.636,0.409,3.0,0.545,0.455,3.864,0.848,0.796,1.604,1.335,0.858,1.612,3.864,0.388,Visual,4.401,22,1.0
CLINGER,1.273,0.0,3.0,0.727,0.091,3.273,1.737,0.0,1.732,0.905,0.302,2.005,3.273,0.391,Visual,4.01,11,0.579
PUNCTURE,0.789,0.105,3.0,2.053,0.053,3.211,1.398,0.459,1.886,2.223,0.229,1.813,3.211,0.343,Visual,4.106,19,0.95
YOU,2.5,0.556,3.0,3.722,1.389,3.556,2.007,1.247,1.815,1.447,1.883,1.688,3.722,0.215,Interoceptive,5.217,18,1.0
BURR,0.769,0.231,3.0,0.538,0.077,2.769,1.481,0.599,1.78,1.127,0.277,2.127,3.0,0.396,Haptic,3.656,13,0.684
FRILLINESS,0.786,0.0,3.0,0.643,0.0,3.643,1.311,0.0,1.359,1.499,0.0,1.336,3.643,0.451,Visual,4.238,14,0.7
PRICKS,0.833,0.0,3.0,1.611,0.0,2.667,1.581,0.0,2.275,1.883,0.0,2.086,3.0,0.37,Haptic,3.702,18,1.0
POUNCING,1.125,0.312,3.0,2.062,0.312,3.5,1.544,1.014,1.549,1.482,0.793,1.211,3.5,0.309,Visual,4.311,16,0.941
WRINKLY,0.5,0.125,3.0,0.438,0.188,3.938,1.033,0.5,1.633,0.964,0.75,1.237,3.938,0.466,Visual,4.452,16,1.0
HOUND,3.706,0.176,3.0,0.176,1.0,4.059,1.611,0.529,1.936,0.728,1.541,1.249,4.059,0.32,Visual,5.263,17,1.0
WOUNDS,0.222,0.0,3.0,3.056,0.333,3.944,0.548,0.0,1.91,2.071,0.594,1.162,3.944,0.374,Visual,4.89,18,1.0
PUFFINESS,0.35,0.25,3.0,0.95,0.1,4.35,0.988,0.639,1.919,1.146,0.447,0.988,4.35,0.472,Visual,4.795,20,1.0
COFFEE FILTER,0.211,0.526,3.0,0.105,1.0,4.211,0.535,1.307,2.0,0.315,1.7,1.437,4.211,0.453,Visual,4.685,19,1.0
BUMPING,2.158,0.0,3.0,1.105,0.053,2.842,2.007,0.0,1.795,1.56,0.229,2.062,3.0,0.328,Haptic,3.944,19,1.0
WIREPULLER,0.692,0.231,3.0,0.308,0.231,3.385,0.947,0.832,1.581,0.855,0.832,1.446,3.385,0.402,Visual,4.044,13,0.722
WIRE,0.556,0.222,3.0,0.167,0.111,4.111,1.294,0.732,1.68,0.707,0.323,1.323,4.111,0.49,Visual,4.59,18,1.0
PUNCHBOARD,0.462,0.0,3.0,0.154,0.077,3.538,1.127,0.0,1.958,0.555,0.277,1.613,3.538,0.489,Visual,4.149,13,0.65
FREEZING,0.588,0.647,3.0,2.706,0.176,2.588,1.372,1.272,2.031,1.929,0.529,1.873,3.0,0.291,Haptic,4.013,17,1.0
RETEXTURE,0.308,0.231,3.0,0.308,0.154,3.615,0.63,0.832,1.581,0.63,0.555,1.121,3.615,0.455,Visual,4.205,13,0.929
RIB CAGE,0.045,0.045,3.0,1.136,0.0,3.455,0.213,0.213,2.0,1.699,0.0,1.654,3.455,0.45,Visual,4.115,22,1.0
DISHWARE,1.765,0.176,3.0,0.235,0.412,3.471,1.48,0.529,1.768,0.562,0.795,1.875,3.471,0.364,Visual,4.206,17,0.85
WASH,1.688,0.5,3.0,0.938,2.0,3.25,1.852,1.155,1.633,1.289,1.673,1.844,3.25,0.242,Visual,4.219,16,1.0
UNTANGLED,0.222,0.111,3.0,0.556,0.167,3.5,0.732,0.471,1.815,0.922,0.707,1.383,3.5,0.449,Visual,4.123,18,1.0
UNSTITCH,0.647,0.0,3.0,0.235,0.0,3.529,1.32,0.0,2.031,0.664,0.0,1.7,3.529,0.476,Visual,4.146,17,1.0
GELATINOUS,0.368,1.842,3.0,0.474,0.474,3.053,1.116,1.74,1.826,1.02,0.772,1.81,3.053,0.291,Visual,3.957,19,0.905
CLAY,0.312,0.125,3.0,0.312,1.0,3.438,0.793,0.5,1.966,1.014,1.506,1.825,3.438,0.405,Visual,4.095,16,0.941
HEFTY,0.0,0.0,3.0,0.875,0.0,2.75,0.0,0.0,1.789,1.36,0.0,1.915,3.0,0.453,Haptic,3.646,16,0.941
HEFTINESS,0.125,0.0,3.0,0.625,0.0,3.562,0.5,0.0,2.191,1.088,0.0,1.711,3.562,0.487,Visual,4.169,16,0.941
CLIP,1.625,0.0,3.0,0.0,0.0,4.0,1.821,0.0,1.932,0.0,0.0,1.414,4.0,0.464,Visual,4.568,16,1.0
CANDY CANE,0.375,4.375,3.0,0.062,2.25,3.5,1.258,1.408,1.932,0.25,1.732,1.633,4.375,0.318,Gustatory,5.485,16,1.0
PHONE CORD,0.263,0.0,3.0,0.053,0.053,3.895,0.562,0.0,2.0,0.229,0.229,1.823,3.895,0.536,Visual,4.416,19,1.0
UNFREEZING,0.053,0.368,3.0,1.474,0.211,3.053,0.229,0.955,1.563,1.775,0.713,1.9,3.053,0.368,Visual,3.887,19,1.0
DOUGHNUT,0.579,4.632,3.0,0.684,3.421,4.263,1.346,1.012,1.764,1.668,1.61,1.195,4.632,0.244,Gustatory,6.252,19,1.0
PHALANGES,0.25,0.083,3.0,1.333,0.0,3.083,0.622,0.289,2.216,2.103,0.0,2.314,3.083,0.398,Visual,3.886,12,0.667
BOWLS,0.762,0.381,3.0,0.19,0.333,3.857,1.411,0.973,1.703,0.602,0.658,1.74,3.857,0.43,Visual,4.396,21,0.913
UNDERWIRE,0.176,0.294,3.0,0.353,0.118,2.588,0.529,0.985,2.092,0.996,0.332,1.873,3.0,0.441,Haptic,3.541,17,0.895
UNDERGARMENT,0.1,0.0,3.0,0.05,0.25,3.5,0.447,0.0,2.2,0.224,0.55,1.987,3.5,0.507,Visual,4.119,20,1.0
PINCHER,0.167,0.167,3.0,0.278,0.111,2.222,0.514,0.707,1.782,0.575,0.471,1.896,3.0,0.486,Haptic,3.362,18,1.0
DOILY,0.091,0.091,3.0,0.0,0.0,4.091,0.302,0.302,1.549,0.0,0.0,1.814,4.091,0.562,Visual,4.57,11,0.524
JERK OFF,1.789,0.0,3.0,2.737,0.684,2.947,1.813,0.0,2.285,2.182,1.108,1.957,3.0,0.269,Haptic,4.294,19,1.0
HOOF,2.824,0.059,3.0,0.059,0.882,3.647,2.038,0.243,1.904,0.243,1.453,1.902,3.647,0.343,Visual,4.621,17,0.944
CALIPERS,0.8,0.0,3.0,0.067,0.0,4.067,1.146,0.0,1.852,0.258,0.0,1.486,4.067,0.513,Visual,4.559,15,0.75
RIGIDLY,0.684,0.0,3.0,1.0,0.0,3.053,1.293,0.0,1.915,1.491,0.0,1.929,3.053,0.395,Visual,3.843,19,1.0
WALKING STICK,0.471,0.118,3.0,0.118,0.176,3.824,1.281,0.485,2.031,0.485,0.728,1.704,3.824,0.481,Visual,4.362,17,1.0
RIPENESS,0.353,3.765,3.0,0.588,2.471,3.941,0.996,1.48,1.458,1.228,2.065,1.144,3.941,0.254,Visual,5.394,17,1.0
ROCKING HORSE,1.579,0.0,3.0,0.421,0.053,4.263,1.677,0.0,1.972,1.261,0.229,1.195,4.263,0.458,Visual,4.769,19,1.0
DESK,0.375,0.0,3.0,0.062,0.062,4.875,1.088,0.0,1.932,0.25,0.25,0.342,4.875,0.582,Visual,5.228,16,1.0
ANKLEBONE,0.438,0.0,3.0,1.188,0.0,4.25,0.814,0.0,1.966,1.601,0.0,1.39,4.25,0.479,Visual,4.726,16,1.0
JELLY,0.333,4.0,3.0,0.556,2.389,3.667,1.029,1.645,1.91,1.199,1.539,1.609,4.0,0.263,Gustatory,5.362,18,1.0
JAB,0.941,0.059,3.0,1.765,0.176,2.471,1.391,0.243,1.696,1.64,0.529,1.419,3.0,0.35,Haptic,3.645,17,1.0
GARTER BELT,0.667,0.167,3.0,0.278,0.167,4.0,1.237,0.707,2.086,0.669,0.514,1.645,4.0,0.463,Visual,4.503,18,0.947
PINECONE,0.353,0.353,3.0,0.176,1.529,3.941,0.996,1.057,1.696,0.529,1.546,1.391,3.941,0.403,Visual,4.513,17,1.0
COVERALL,0.214,0.071,3.0,0.214,0.429,3.929,0.426,0.267,2.0,0.579,0.938,1.542,3.929,0.491,Visual,4.443,14,0.824
JAW,1.05,0.5,3.0,1.8,0.25,3.7,1.791,1.395,2.248,2.191,1.118,1.809,3.7,0.335,Visual,4.393,20,1.0
FOIL,1.706,0.235,3.0,0.235,0.529,3.412,1.611,0.562,1.62,0.97,1.328,1.938,3.412,0.348,Visual,4.157,17,1.0
LAPBOARD,0.571,0.0,3.0,0.429,0.0,3.143,1.158,0.0,2.075,1.089,0.0,2.033,3.143,0.44,Visual,3.878,14,0.737
HUMIDNESS,0.0,0.118,3.0,1.294,0.765,1.235,0.0,0.332,1.803,1.572,1.522,1.48,3.0,0.468,Haptic,3.158,17,1.0
SILICON,0.647,0.118,3.0,0.294,0.235,3.941,1.412,0.485,1.768,0.849,0.664,1.6,3.941,0.464,Visual,4.457,17,1.0
CURVY,0.588,0.294,3.0,0.588,0.294,4.471,1.502,0.772,1.581,1.372,0.985,0.514,4.471,0.452,Visual,4.888,17,1.0
SPIDER WEB,0.0,0.0,3.0,0.053,0.0,3.842,0.0,0.0,1.944,0.229,0.0,1.344,3.842,0.557,Visual,4.375,19,1.0
LOLLYPOP,0.333,4.5,3.0,0.889,2.556,3.889,0.84,1.295,1.879,1.53,2.007,1.53,4.5,0.275,Gustatory,5.793,18,1.0
ELECTROSTATIC,1.286,0.143,3.0,1.429,0.286,2.214,1.637,0.535,1.881,1.742,1.069,2.007,3.0,0.342,Haptic,3.501,14,0.875
MISTED,0.944,0.389,3.0,0.444,0.333,3.5,1.305,0.85,1.782,1.042,0.84,1.654,3.5,0.368,Visual,4.139,18,0.947
CHAINSAW,4.235,0.0,3.0,0.118,0.529,3.882,1.2,0.0,1.871,0.332,1.231,1.654,4.235,0.36,Auditory,5.447,17,1.0
CHAIN,1.9,0.0,3.0,0.0,0.0,4.05,1.774,0.0,1.717,0.0,0.0,1.504,4.05,0.453,Visual,4.646,20,1.0
STRAP,0.824,0.235,3.0,0.824,0.235,4.059,1.51,0.97,1.871,1.551,0.752,1.391,4.059,0.417,Visual,4.563,17,1.0
EXPANDING,2.0,0.733,3.0,1.333,0.8,4.533,2.0,1.751,2.104,1.676,1.74,0.915,4.533,0.306,Visual,5.084,15,1.0
CONSTRICTED,0.722,0.167,3.0,3.0,0.222,1.944,1.179,0.514,1.68,2.029,0.548,1.697,3.0,0.313,Haptic,3.952,18,1.0
TEDDY,0.467,0.0,3.0,0.867,0.267,4.133,0.743,0.0,2.204,1.506,0.799,1.407,4.133,0.473,Visual,4.617,15,0.938
FEATHERED,1.176,0.529,3.0,1.176,0.471,3.235,1.551,1.328,1.803,1.944,1.179,1.715,3.235,0.288,Visual,4.008,17,1.0
NECKING,1.25,0.688,3.0,1.688,0.562,3.062,1.291,1.401,2.129,1.852,1.209,1.806,3.062,0.244,Visual,3.979,16,0.842
STRANGLEHOLD,1.389,0.0,3.0,2.278,0.0,3.222,1.42,0.0,2.0,2.244,0.0,1.987,3.222,0.326,Visual,4.216,18,0.9
SORENESS,0.0,0.0,3.0,4.333,0.0,0.722,0.0,0.0,1.609,0.907,0.0,1.074,4.333,0.538,Interoceptive,4.773,18,0.9
SOPPING,1.467,0.267,3.0,0.533,0.667,2.8,1.506,0.594,2.268,0.99,1.175,2.042,3.0,0.313,Haptic,3.746,15,0.789
SOOTINESS,0.917,1.25,3.0,1.25,1.833,2.833,1.379,1.545,1.651,1.658,1.85,1.586,3.0,0.188,Haptic,3.928,12,0.706
NEEDLEPOINT,0.263,0.0,3.0,0.368,0.0,3.579,0.562,0.0,1.599,1.012,0.0,1.865,3.579,0.496,Visual,4.178,19,1.0
CERAMICS,0.333,0.0,3.0,0.0,0.167,3.278,0.84,0.0,1.91,0.0,0.707,1.841,3.278,0.484,Visual,3.963,18,0.947
BAYONET,0.842,0.0,3.0,0.421,0.053,4.053,1.385,0.0,2.38,1.305,0.229,1.615,4.053,0.484,Visual,4.551,19,1.0
STRINGING,0.278,0.0,3.0,0.5,0.0,2.611,0.575,0.0,2.275,1.295,0.0,2.2,3.0,0.47,Haptic,3.556,18,0.9
GREENBACK,0.308,0.0,3.0,0.308,0.385,3.769,0.63,0.0,2.121,0.855,1.121,1.922,3.769,0.485,Visual,4.321,13,0.722
LIGHTWEIGHT,0.464,0.071,3.0,1.036,0.0,2.429,0.838,0.262,2.194,1.621,0.0,1.834,3.0,0.429,Haptic,3.491,28,1.0
CHILL,0.714,0.524,3.0,3.667,0.048,0.762,1.419,1.123,2.121,1.77,0.218,1.261,3.667,0.415,Interoceptive,4.259,21,1.0
BAUBLE,0.818,0.0,3.0,0.0,0.182,4.545,1.328,0.0,1.549,0.0,0.405,0.688,4.545,0.532,Visual,4.952,11,0.647
NAIL SCISSORS,0.5,0.1,3.0,0.35,0.15,3.5,0.761,0.447,2.103,0.671,0.671,1.732,3.5,0.447,Visual,4.122,20,1.0
SPLASHY,2.562,0.094,3.0,1.094,0.062,3.281,2.047,0.39,2.125,1.711,0.246,1.905,3.281,0.319,Visual,4.317,32,0.97
SNACK FOOD,0.737,4.842,3.0,1.474,3.684,4.316,1.147,0.501,1.453,2.038,1.157,0.82,4.842,0.227,Gustatory,6.499,19,1.0
BAREBACK,0.188,0.125,3.0,0.562,0.188,3.875,0.75,0.5,1.862,1.263,0.75,1.586,3.875,0.472,Visual,4.403,16,0.889
TALCUM POWDER,0.391,0.957,3.0,0.478,3.13,3.826,1.196,1.718,1.954,1.163,1.687,1.497,3.826,0.292,Visual,4.859,23,0.885
BEARDLESS,0.278,0.167,3.0,0.111,0.111,4.389,0.752,0.383,1.97,0.323,0.323,1.145,4.389,0.531,Visual,4.814,18,1.0
LOZENGE,0.143,4.071,3.0,1.5,2.071,3.5,0.363,1.859,1.617,1.829,1.9,1.951,4.071,0.275,Gustatory,5.309,14,0.778
BEATING,2.263,0.421,3.0,2.737,0.421,2.842,1.695,1.261,2.0,1.91,1.017,1.803,3.0,0.221,Haptic,4.348,19,1.0
CHEESECLOTH,0.167,0.0,3.0,0.0,0.167,4.0,0.514,0.0,1.91,0.0,0.707,1.495,4.0,0.545,Visual,4.498,18,1.0
ENCAPSULATION,0.333,0.0,3.0,1.25,0.0,3.75,0.651,0.0,2.089,1.913,0.0,1.658,3.75,0.45,Visual,4.34,12,0.632
TANGLING,0.45,0.0,3.0,0.2,0.0,3.95,1.099,0.0,1.747,0.523,0.0,1.468,3.95,0.52,Visual,4.46,20,1.0
STIMULATION,2.176,1.471,3.0,4.0,1.294,2.824,1.845,1.7,1.969,1.323,1.611,1.944,4.0,0.183,Interoceptive,5.055,17,1.0
BANKBOOK,0.789,0.0,3.0,0.421,0.158,4.368,1.653,0.0,1.972,1.121,0.375,1.422,4.368,0.5,Visual,4.805,19,0.95
CONTAINER,0.25,0.0,3.0,0.0,0.1,4.35,0.91,0.0,1.777,0.0,0.447,1.309,4.35,0.565,Visual,4.782,20,1.0
GUMBALL,0.4,3.467,3.0,0.533,1.133,3.4,0.91,1.767,1.773,0.915,1.506,1.454,3.467,0.257,Gustatory,4.786,15,1.0
STINGER,0.357,0.143,3.0,1.929,0.357,3.643,1.082,0.535,1.922,2.018,1.082,1.692,3.643,0.371,Visual,4.355,14,0.933
MOISTLY,0.438,1.375,3.0,1.125,0.688,2.125,1.031,1.708,1.592,1.408,1.014,1.31,3.0,0.293,Haptic,3.449,16,1.0
BEDFELLOW,3.0,1.0,3.0,1.375,1.438,3.938,1.966,1.789,2.033,1.996,1.999,1.611,3.938,0.214,Visual,4.954,16,0.889
MONOCLE,0.5,0.167,3.0,0.556,0.111,4.056,1.043,0.707,1.91,1.042,0.471,1.662,4.056,0.47,Visual,4.547,18,0.947
LOVE,2.056,0.722,3.0,4.389,1.056,2.667,2.014,1.32,1.782,1.335,1.589,2.0,4.389,0.264,Interoceptive,5.202,18,1.0
MUSCULARITY,0.071,0.0,3.0,1.143,0.0,3.929,0.267,0.0,1.617,1.512,0.0,1.207,3.929,0.482,Visual,4.467,14,0.933
MUSCULARLY,0.278,0.0,3.0,1.0,0.0,3.722,0.958,0.0,1.782,1.495,0.0,1.565,3.722,0.465,Visual,4.302,18,1.0
STACK,0.778,0.056,3.0,0.111,0.167,3.944,1.353,0.236,2.0,0.471,0.514,1.552,3.944,0.483,Visual,4.462,18,1.0
LONGHAIR,0.875,0.0,3.0,0.312,0.5,4.812,1.586,0.0,2.033,0.793,1.265,0.544,4.812,0.507,Visual,5.184,16,1.0
BEDROLL,0.533,0.0,3.0,0.467,0.467,3.467,0.915,0.0,1.558,1.06,1.125,1.302,3.467,0.437,Visual,4.102,15,0.938
SPRINKLER,3.895,0.105,3.0,0.158,0.211,4.526,1.197,0.315,2.055,0.501,0.535,0.905,4.526,0.372,Visual,5.634,19,1.0
GURNEY,0.824,0.0,3.0,0.529,0.118,3.941,1.551,0.0,2.121,1.375,0.485,1.6,3.941,0.469,Visual,4.464,17,0.895
CHANGE HANDS,0.778,0.167,3.0,0.667,0.167,3.667,1.263,0.514,2.029,1.572,0.383,1.715,3.667,0.414,Visual,4.256,18,1.0
FIBERBOARD,0.278,0.167,3.0,0.278,0.278,3.778,0.669,0.707,1.609,0.958,0.826,1.478,3.778,0.464,Visual,4.326,18,0.947
BALMY,0.412,0.353,3.0,1.882,0.706,1.176,1.064,0.996,1.541,1.965,1.404,1.468,3.0,0.352,Haptic,3.295,17,0.85
STIFFENING,0.471,0.0,3.0,2.941,0.0,3.353,1.281,0.0,1.904,2.106,0.0,1.73,3.353,0.343,Visual,4.485,17,0.944
SITTING,0.645,0.258,3.0,1.71,0.323,2.71,1.45,0.965,1.713,1.987,1.045,1.792,3.0,0.317,Haptic,3.738,31,0.939
CHIPS,1.667,4.444,3.0,0.444,2.389,3.722,1.749,1.199,1.879,1.294,1.787,1.364,4.444,0.255,Gustatory,5.695,18,1.0
CONDOM,0.095,0.286,3.0,0.524,0.81,3.952,0.436,0.784,1.871,1.209,1.03,1.746,3.952,0.445,Visual,4.472,21,1.0
CAULIFLOWER,0.312,4.312,3.0,0.625,2.75,4.25,1.014,1.448,1.862,1.258,2.049,1.238,4.312,0.262,Gustatory,5.897,16,1.0
HANKIE,0.471,0.0,3.0,0.294,0.588,4.059,1.281,0.0,2.151,0.985,1.228,1.478,4.059,0.483,Visual,4.55,17,0.895
SLIPCOVER,0.579,0.263,3.0,0.263,0.263,3.789,1.575,1.147,2.082,1.147,1.147,1.653,3.789,0.432,Visual,4.339,19,1.0
TICKLISH,1.529,0.0,3.0,4.0,0.0,1.882,1.7,0.0,2.151,1.369,0.0,1.9,4.0,0.384,Interoceptive,4.661,17,1.0
TIE UP,0.353,0.0,3.0,0.588,0.0,3.294,0.702,0.0,1.837,1.064,0.0,1.795,3.294,0.455,Visual,3.979,17,0.944
FILING CABINET,1.312,0.0,3.0,0.0,0.188,4.312,1.537,0.0,1.862,0.0,0.544,1.138,4.312,0.489,Visual,4.784,16,1.0
BATON,0.389,0.111,3.0,0.167,0.167,3.889,0.608,0.471,1.645,0.707,0.707,1.53,3.889,0.489,Visual,4.412,18,1.0
BLOWER,3.0,0.0,3.0,0.438,0.438,2.875,2.098,0.0,1.789,1.094,0.892,1.962,3.0,0.308,Haptic,4.271,16,1.0
FILLETING,0.429,0.143,3.0,0.214,0.357,3.643,1.342,0.363,1.881,0.579,0.633,1.823,3.643,0.45,Visual,4.226,14,0.933
BLOW DRYER,4.053,0.0,3.0,0.263,0.474,3.737,1.649,0.0,1.856,0.806,1.02,1.939,4.053,0.352,Auditory,5.264,19,1.0
CLAMSHELL,0.263,0.474,3.0,0.0,1.158,3.737,0.562,1.219,2.211,0.0,1.708,1.759,3.737,0.433,Visual,4.324,19,0.95
FILMINESS,0.067,0.333,3.0,0.4,0.133,3.533,0.258,0.816,1.648,1.056,0.352,1.846,3.533,0.464,Visual,4.145,15,0.75
SLATHER,0.625,0.125,3.0,0.25,0.312,2.625,1.147,0.342,1.751,1.0,1.014,1.996,3.0,0.414,Haptic,3.567,16,0.889
LEGROOM,0.1,0.0,3.0,0.7,0.0,3.65,0.447,0.0,2.2,1.38,0.0,1.785,3.65,0.49,Visual,4.235,20,1.0
MAPLELEAF,0.65,0.8,3.0,0.0,1.4,4.6,1.226,1.735,1.947,0.0,1.429,0.821,4.6,0.44,Visual,5.038,20,1.0
THROW,1.059,0.0,3.0,0.882,0.0,4.0,1.749,0.0,1.936,1.536,0.0,1.225,4.0,0.447,Visual,4.529,17,1.0
MESH,0.25,0.0,3.0,0.6,0.1,3.6,0.55,0.0,1.947,1.188,0.447,1.729,3.6,0.477,Visual,4.196,20,1.0
MANTLE,0.5,0.188,3.0,0.312,0.312,4.125,0.966,0.75,1.897,0.873,1.014,1.258,4.125,0.467,Visual,4.601,16,0.941
SLOT MACHINE,2.8,0.0,3.0,0.65,0.1,3.95,1.908,0.0,1.892,1.268,0.308,1.504,3.95,0.376,Visual,4.804,20,1.0
OILED,0.647,0.235,3.0,0.235,1.059,3.471,1.32,0.562,1.837,0.752,1.088,1.505,3.471,0.374,Visual,4.127,17,1.0
SLOTMACHINE,3.65,0.0,3.0,0.35,0.1,4.4,1.496,0.0,1.919,0.813,0.447,0.995,4.4,0.383,Visual,5.438,20,1.0
CITRUS FRUIT,0.9,4.6,3.0,1.05,3.4,4.2,1.804,0.94,1.717,1.82,1.698,1.105,4.6,0.216,Gustatory,6.211,20,1.0
CORKSCREW,0.722,0.0,3.0,0.333,0.167,3.833,1.274,0.0,1.91,1.188,0.514,1.757,3.833,0.476,Visual,4.375,18,1.0
